year,asset,Ig,Kg,Kn,D,R,delta,z
1860,C,20325.148199491272,NA,NA,NA,NA,NA,NA
1861,C,20729.523639349747,NA,NA,NA,NA,NA,NA
1862,C,21446.446062077895,NA,NA,NA,NA,NA,NA
1863,C,22787.19936399807,NA,NA,NA,NA,NA,NA
1864,C,24243.752295617436,NA,NA,NA,NA,NA,NA
1865,C,26916.75477745655,NA,NA,NA,NA,NA,NA
1866,C,30840.814131235256,NA,NA,NA,NA,NA,NA
1867,C,30990.13558450678,NA,NA,NA,NA,NA,NA
1868,C,30878.154102460867,NA,NA,NA,NA,NA,NA
1869,C,33048.59145876256,NA,NA,NA,NA,NA,NA
1870,C,35894.315735353455,NA,NA,NA,NA,NA,NA
1871,C,39474.26524893137,NA,NA,NA,NA,NA,NA
1872,C,42365.69467496916,NA,NA,NA,NA,NA,NA
1873,C,48618.734827171254,NA,NA,NA,NA,NA,NA
1874,C,57561.7881220369,NA,NA,NA,NA,NA,NA
1875,C,63841.21257274701,NA,NA,NA,NA,NA,NA
1876,C,69042.27146165063,NA,NA,NA,NA,NA,NA
1877,C,76112.99001084476,NA,NA,NA,NA,NA,NA
1878,C,74447.85496001792,NA,NA,NA,NA,NA,NA
1879,C,83772.01039769019,NA,NA,NA,NA,NA,NA
1880,C,87730.44134923621,NA,NA,NA,NA,NA,NA
1881,C,93473.59097146099,NA,NA,NA,NA,NA,NA
1882,C,102042.45446106397,NA,NA,NA,NA,NA,NA
1883,C,117403.7614976966,NA,NA,NA,NA,NA,NA
1884,C,115924.4802650665,NA,NA,NA,NA,NA,NA
1885,C,122848.13858205563,NA,NA,NA,NA,NA,NA
1886,C,139803.65121762583,NA,NA,NA,NA,NA,NA
1887,C,145153.08540281397,NA,NA,NA,NA,NA,NA
1888,C,140616.86844492942,NA,NA,NA,NA,NA,NA
1889,C,160406.1356519752,NA,NA,NA,NA,NA,NA
1890,C,201163.68842138338,NA,NA,NA,NA,NA,NA
1891,C,193214.1089677061,NA,NA,NA,NA,NA,NA
1892,C,207128.41161471914,NA,NA,NA,NA,NA,NA
1893,C,212486.6041100278,NA,NA,NA,NA,NA,NA
1894,C,229407.281776228,NA,NA,NA,NA,NA,NA
1895,C,244554.68560083187,NA,NA,NA,NA,NA,NA
1896,C,268819.1764045716,NA,NA,NA,NA,NA,NA
1897,C,245849.34924506405,NA,NA,NA,NA,NA,NA
1898,C,249847.0540622429,NA,NA,NA,NA,NA,NA
1899,C,243065.0120588655,NA,NA,NA,NA,NA,NA
1900,C,259440.9041230236,NA,3800.5481047355183,NA,NA,NA,NA
1901,C,264100.2977972391,NA,3985.8783208161994,263914.9675811584,NA,66.21249981537714,NA
1902,C,257435.43399483248,NA,4171.935121091858,257249.37719455682,NA,61.66188344923994,NA
1903,C,262460.0675643087,NA,4347.350310606024,262284.65237479453,NA,60.33207209801131,NA
1904,C,263317.08356164244,NA,4523.993683038971,263140.4401892095,NA,58.165518925403575,NA
1905,C,291217.0737232709,NA,4697.645211802781,291043.4221945071,NA,61.955173086137656,NA
1906,C,315746.2696456264,NA,4895.379145811176,315548.535711618,NA,64.458446692862,NA
1907,C,378395.12234852195,NA,5113.315740123495,378177.18575420964,NA,73.95928688438005,NA
1908,C,418542.71301966696,NA,5389.137748725139,418266.89101106534,NA,77.61295229649883,NA
1909,C,435205.76702722954,NA,5699.1432274854815,434895.7615484692,NA,76.30897210146964,NA
1910,C,481212.49345896963,NA,6019.112318452954,480892.52436800214,NA,79.89425997147735,NA
1911,C,501121.6805251719,NA,6378.136831847329,500762.6560117775,NA,78.51237269030796,NA
1912,C,566212.2154536482,NA,6749.272083739452,565841.0802017561,NA,83.83734915132513,NA
1913,C,557202.6216263324,NA,7177.39419235979,556774.499517712,NA,77.57334829266988,NA
1914,C,499171.1120519915,NA,7587.173137275053,498761.33310707624,NA,65.73743923895842,NA
1915,C,367167.7936207161,NA,7929.896739236433,366825.0700187547,NA,46.258492648931536,NA
1916,C,334440.48681567307,NA,8132.915670354954,334237.4678845545,NA,41.09688104880682,NA
1917,C,335844.7322952887,NA,8298.354169540651,335679.293796103,NA,40.45130961368503,NA
1918,C,348287.7294410884,NA,8461.095233859322,348124.9883767697,NA,41.144199273831006,NA
1919,C,336914.4184435392,NA,8632.207629103395,336743.3060482951,NA,39.01010268948683,NA
1920,C,366665.1181547726,NA,8787.67304318318,366509.65274069284,NA,41.7072472928432,NA
1921,C,357058.25469868537,NA,8968.918260126788,356877.00948174176,NA,39.79041832372512,NA
1922,C,335096.63298302155,NA,9136.014826075989,334929.53641707235,NA,36.66035386250878,NA
1923,C,380961.73876507586,NA,9276.879783856633,380820.8738072952,NA,41.05053452023697,NA
1924,C,368178.8946799255,NA,9459.87290803421,367995.90155574796,NA,38.90072362845503,NA
1925,C,474375.37890494545,NA,9625.421325024043,474209.8304879556,NA,49.26639722825547,NA
1926,C,420952.05639271124,NA,9892.850145440972,420684.6275722943,NA,42.52410795549783,NA
1927,C,481058.5300965144,NA,10100.314495695067,480851.0657462603,NA,47.60753399819456,NA
1928,C,503563.0596384043,NA,10362.49921066987,503300.8749234295,NA,48.569448806828355,NA
1929,C,513591.88236932945,NA,10640.574287484098,513313.80729251524,NA,48.24117509299259,NA
1930,C,546251.2020164605,NA,10921.669621671901,545970.1066822726,NA,49.989619315979176,NA
1931,C,559301.6471787543,NA,11228.299392188881,558995.0174082373,NA,49.78447740689118,NA
1932,C,466864.4445462296,NA,11540.241603757715,466552.5023346608,NA,40.42831323243204,NA
1933,C,506335.2234627458,NA,11751.835904028823,506123.62916247465,NA,43.06762222479322,NA
1934,C,501853.852534247,NA,11997.16285206309,501608.5255862127,NA,41.810595702629286,NA
1935,C,531449.9080142967,NA,12231.479972996329,531215.5908933635,NA,43.430197495817204,NA
1936,C,535332.9805790719,NA,12489.067044415237,535075.393507653,NA,42.84350397069282,NA
1937,C,546387.7818887371,NA,12743.645797835854,546133.2031353165,NA,42.855334477992294,NA
1938,C,576421.3749048365,NA,13002.409494067437,576162.611208605,NA,44.3119878259094,NA
1939,C,601327.0403772804,NA,13284.196269836704,601045.2536015111,NA,45.24513500047071,NA
1940,C,596470,NA,13583.307845075198,596170.8884247615,NA,43.889963713140084,NA
1941,C,590749,NA,13869.53509389368,590462.7727511815,NA,42.57264347751235,NA
1942,C,467716,NA,14142.255654190698,467443.279439703,NA,33.05295073641156,NA
1943,C,506838,NA,14284.416929031227,506695.83872515947,NA,35.471930092950856,NA
1944,C,593541,NA,14461.142053801315,593364.2748752299,NA,41.03163309423793,NA
1945,C,617340,NA,14719.184558153123,617081.9574956482,NA,41.923651073037156,NA
1946,C,846442,NA,14993.714749793737,846167.4698083594,NA,56.43481178138325,NA
1947,C,871124,NA,15489.60369894356,870628.1110508501,NA,56.207255393514664,NA
1948,C,762653,NA,15997.186700129354,762145.4169988142,NA,47.642465596319596,NA
1949,C,859572,NA,16382.945981474306,859186.240718655,NA,52.443940283402966,NA
1950,C,795332,628857.9074029097,16855.06130901244,794859.8846724619,NA,47.15852823670529,NA
1951,C,884079,652544.0403739475,17250.254153536483,883683.807155476,860392.8670289622,51.22729203235023,1.318520764569246
1952,C,928673,674911.9658973227,17723.25959705771,928199.9945564788,906305.0744766247,52.37185572289265,1.342849320017101
1953,C,983498,699179.7970064448,18227.992227496088,982993.2673695616,959230.168890878,53.927676460535324,1.3719363359722996
1954,C,978429.0000000001,726325.0430108919,18773.836134113906,977883.1560933823,951283.753995553,52.08755147896878,1.3097218155278278
1955,C,1108181,758344.0815676764,19299.815683281762,1107655.020450832,1076161.9614432156,57.39199993553955,1.4190945608997627
1956,C,963021,786188.8561600939,19940.941143746342,962379.8745395354,935176.2254075825,48.26150719778571,1.1895058268507812
1957,C,966966,802977.6500309036,20419.397273953306,966487.5438697931,950177.2061291903,47.331835063644654,1.1833171273106062
1958,C,930758,815255.1985565023,20888.129980468846,930289.2672934844,918480.4514744013,44.53674255011523,1.1266171048043243
1959,C,956229,830877.7843204135,21307.128795947363,955810.0011845215,940606.4142360889,44.85869543184615,1.1320635019811294
1960,C,1259369,856203.8235364342,21739.20242756706,1258936.9263683802,1234042.9607839794,57.91090683124358,1.441295783621862
1961,C,1195868,880579.126716822,22461.613127606153,1195145.589299961,1171492.6968196123,53.208359636070966,1.3303661888823566
1962,C,1426754,906465.3547613489,23100.43312204152,1426115.1800055646,1400867.771955473,61.73543034761638,1.5454178856336862
1963,C,1749825,942931.4139149981,23951.986337302686,1748973.446784739,1713358.940846351,73.0199751350433,1.8170557429331804
1964,C,1596262,979789.2463425923,25103.01167887012,1595110.9746584326,1559404.1675724057,63.542613733517896,1.591571017331972
1965,C,1526405,1016088.7576298787,26069.18808573048,1525438.8235931396,1490105.4887127136,58.515010846391526,1.4665111463180862
1966,C,1502754,1053049.098707815,26938.64954597007,1501884.5385397605,1465793.6589220637,55.752035230156416,1.391951866936426
1967,C,1524602,1085955.9304761733,27759.85571245703,1523780.793833513,1491695.1682316416,54.89152427941936,1.3736240360854777
1968,C,1645258,1120614.064106447,28579.35737736062,1644438.4983350965,1610599.8663697264,57.53937979157476,1.4372475930453215
1969,C,1765306,1162566.9902890583,29495.841764237925,1764389.5156131226,1723353.0738173886,59.8182458977098,1.4823688339791048
1970,C,1883912,1209867.6338881464,30506.054215073436,1882901.7875491644,1836611.356400912,61.72223304509825,1.5180266873481043
1971,C,1879489,1262990.258208842,31605.960621746046,1878389.0935933273,1826366.3756793044,59.43148243692133,1.446065291326503
1972,C,1516974,1314884.240248922,32670.015837705,1515909.944784041,1465080.01795992,46.400649216536486,1.1142273769153734
1973,C,1357787,1355594.2974248629,33340.83642750844,1357116.1794101966,1317076.9428240592,40.70432313121228,0.9715863701448342
1974,C,1731299,1394051.5627077022,33831.76168039322,1730808.0747471151,1692841.7347171607,51.15926539971413,1.2143322241460788
1975,C,1268978,1424599.1664315334,34680.051700534954,1268129.7099798582,1238430.3962761688,36.56654612081495,0.8693184900411691
1976,C,1062192,1439919.0906364364,35040.41234598094,1061831.639354554,1046872.075795097,30.303057762856028,0.7270353470571637
1977,C,1180690,1452500.90180793,35181.041501281645,1180549.3708446992,1168108.1888285063,33.55640766921843,0.8042047942101518
1978,C,1353878,1466792.0155005755,35432.952005647814,1353626.0894956337,1339586.8863073546,38.20246445398829,0.9132766419172187
1979,C,1570815,1482543.223607474,35847.85677749814,1570400.0952281496,1555063.7918931015,43.80736357477016,1.048916326438809
1980,C,1982988,1511024.8851664823,36465.11878721669,1982370.7379902815,1954506.3384409917,54.36347950922421,1.2934971208138955
1981,C,2355052,1551502.4536297093,37474.488115598004,2354042.6306716185,2314574.431536773,62.81720575902398,1.4918277609692927
1982,C,1596046,1582540.756150861,38824.84908921883,1594695.6390263792,1565007.6974788483,41.07409755442439,0.9889209433603103
1983,C,1346925,1601700.5114648861,39375.73015173706,1346374.1189374817,1327765.244685975,34.19299435843189,0.8289722299405555
1984,C,1586158,1616132.720890257,39658.32916573561,1585875.4009860014,1571725.790574629,39.988457263504216,0.972522720602324
1985,C,1865311,1630678.7228679652,40168.160112177546,1864801.169053558,1850764.9980222918,46.42485898895372,1.1349660555865035
1986,C,1947381,1652223.6304314204,40938.888749120706,1946610.2713630567,1925836.0924365448,47.54917221354393,1.165602559463261
1987,C,2275501,1679716.9914469852,41766.181752944765,2274673.706996176,2248007.6389844352,54.462093768861166,1.3383252359957962
1988,C,2536838,1713250.1829124358,42894.365740191366,2535709.816012753,2503304.8085345495,59.11521879986284,1.4611437567624024
1989,C,3142369,1756312.8850059367,44248.17713307689,3141015.1886071144,3099306.2979064994,70.98631835522797,1.7646663782780498
1990,C,3331604,1802382.8517230412,46165.31410826199,3329686.863024815,3285534.0332828956,72.12529422449909,1.8228835400547627
1991,C,3267388,1850000.3270904873,48213.52237605231,3265339.7917322097,3219770.5246325536,67.72663831245208,1.7404161920859313
1992,C,3948551,1911239.5584311946,50135.270966536686,3946629.2514095157,3887311.7686592927,78.7196154588201,2.033921782076403
1993,C,4684998,1988514.6973353573,52679.03167405433,4682454.239292482,4607722.861095837,88.88649032625825,2.317168119134479
1994,C,4833130,2070688.8927562246,55882.16851306318,4829926.863160991,4750955.804579133,86.43055542899938,2.294384164226281
1995,C,5602626,NA,59137.18607425427,5599370.982438809,NA,94.68443384181462,NA
1996,C,6194167,NA,63063.27284904916,6190240.913225205,NA,98.15920794409799,NA
1997,C,6635812,NA,67462.65910376521,6631412.613745284,NA,98.2975278745746,NA
1998,C,6799409,NA,72171.06293317064,6794700.596170595,NA,94.14715981753503,NA
1999,C,5892807,NA,76900.6058482473,5888077.457084923,NA,76.56737410761404,NA
2000,C,6011184,NA,80579.44440587626,6007505.161442371,NA,74.55381711473147,NA
2001,C,6280820,NA,84261.88246254643,6277137.56194333,NA,74.49557710431469,NA
2002,C,6412994,NA,88098.26525230796,6409157.617210238,NA,72.75010011666869,NA
2003,C,6790743.000000001,NA,91945.83776816075,6786895.427484148,NA,73.8140582784959,NA
2004,C,7019324.000000001,NA,96049.00393019742,7015220.833837965,NA,73.0379342500647,NA
2005,C,7769619.000000001,NA,100249.28966484612,7765418.714265352,NA,77.4610846643077,NA
2006,C,8002756.000000001,NA,105064.5620984231,7997940.727566424,NA,76.12405713045335,NA
2007,C,8540861,NA,109958.45770593076,8535967.104392493,NA,77.62901810810042,NA
2008,C,9485613,NA,115232.45292748757,9480339.004778443,NA,82.27143277722418,NA
2009,C,8615526,NA,121280.68185666061,8609477.771070827,NA,70.98803897925153,NA
2010,C,8766513,NA,126257.78740096079,8761535.8944557,NA,69.39402372569239,NA
1860,ME,1600.9074023080718,NA,NA,NA,NA,NA,NA
1861,ME,1961.6610475727068,NA,NA,NA,NA,NA,NA
1862,ME,1254.5352777718824,NA,NA,NA,NA,NA,NA
1863,ME,1376.6813209350803,NA,NA,NA,NA,NA,NA
1864,ME,1624.2368355929907,NA,NA,NA,NA,NA,NA
1865,ME,1659.200390879761,NA,NA,NA,NA,NA,NA
1866,ME,2196.950150989535,NA,NA,NA,NA,NA,NA
1867,ME,1917.8515618648235,NA,NA,NA,NA,NA,NA
1868,ME,2227.0287619925684,NA,NA,NA,NA,NA,NA
1869,ME,840.6442080136859,NA,NA,NA,NA,NA,NA
1870,ME,2877.6768252311085,NA,NA,NA,NA,NA,NA
1871,ME,1864.7657811246077,NA,NA,NA,NA,NA,NA
1872,ME,2061.356743457787,NA,NA,NA,NA,NA,NA
1873,ME,1950.5776291017987,NA,NA,NA,NA,NA,NA
1874,ME,6811.3908999696905,NA,NA,NA,NA,NA,NA
1875,ME,6040.538533425205,NA,NA,NA,NA,NA,NA
1876,ME,2016.282434514317,NA,NA,NA,NA,NA,NA
1877,ME,4445.951066027518,NA,NA,NA,NA,NA,NA
1878,ME,1693.3317719419952,NA,NA,NA,NA,NA,NA
1879,ME,863.6173565105117,NA,NA,NA,NA,NA,NA
1880,ME,1940.2876316439897,NA,NA,NA,NA,NA,NA
1881,ME,3394.709934363883,NA,NA,NA,NA,NA,NA
1882,ME,4982.767587616614,NA,NA,NA,NA,NA,NA
1883,ME,4404.769557965722,NA,NA,NA,NA,NA,NA
1884,ME,7501.80587707045,NA,NA,NA,NA,NA,NA
1885,ME,4774.719952197108,NA,NA,NA,NA,NA,NA
1886,ME,2836.32306934269,NA,NA,NA,NA,NA,NA
1887,ME,5735.067364096436,NA,NA,NA,NA,NA,NA
1888,ME,12899.861037014023,NA,NA,NA,NA,NA,NA
1889,ME,5609.479056729157,NA,NA,NA,NA,NA,NA
1890,ME,16490.891885016652,NA,NA,NA,NA,NA,NA
1891,ME,12694.118605782192,NA,NA,NA,NA,NA,NA
1892,ME,5978.00082401914,NA,NA,NA,NA,NA,NA
1893,ME,12485.179238571101,NA,NA,NA,NA,NA,NA
1894,ME,10321.52421513385,NA,NA,NA,NA,NA,NA
1895,ME,8627.068600060189,NA,NA,NA,NA,NA,NA
1896,ME,9764.165330037085,NA,NA,NA,NA,NA,NA
1897,ME,6764.358778784435,NA,NA,NA,NA,NA,NA
1898,ME,7838.004263783141,NA,NA,NA,NA,NA,NA
1899,ME,12023.899762839555,NA,NA,NA,NA,NA,NA
1900,ME,12431.791590710221,1960.6503831114046,183.30811339214878,NA,NA,NA,NA
1901,ME,18175.81502593396,2293.591014205794,186.63143094239345,18172.491708383714,17842.87439483957,97.37101417816875,7.779449031813571
1902,ME,29392.389531338937,2318.253283175749,183.77200421893545,29395.248958062395,29367.727262368982,159.95498924331574,12.668040837254187
1903,ME,26194.231806096792,2404.57122457059,186.32166195585532,26191.682148359872,26107.91386470195,140.57239439268955,10.857617190925305
1904,ME,24199.31913247146,2823.8297970598214,188.72709976621564,24196.9136946611,23780.06055998223,128.21112455304433,8.421208879069868
1905,ME,21384.465631893992,3600.691269613397,199.8842864822632,21373.308445177943,20607.604159340415,106.9284075368001,5.723235516815924
1906,ME,79545.39861751652,4907.791525020999,215.9356037649792,79529.3473002338,78238.29836210892,368.30122459468174,15.94165073296877
1907,ME,92590.95541239105,6264.2163183685125,245.91110688165472,92560.97990927438,91234.53061904354,376.40015972852973,14.564396563304692
1908,ME,108621.19480784434,7287.7004806216355,286.1399995344876,108580.96591519151,107597.71064559121,379.4679740401152,14.764288259609321
1909,ME,57606.60800786343,7201.382539226794,332.98394429995915,57559.76406309796,57692.92594925828,172.86047885614232,8.011368044260667
1910,ME,60068.42886290035,7090.402328861997,355.37822435639634,60046.03458284391,60179.409073265146,168.96374191634726,8.487446308695416
1911,ME,74274.01070002069,7386.3495565014555,377.6526827545613,74251.73624162252,73978.06347238124,196.61381907851867,10.015510761640822
1912,ME,88479.59253714101,7805.608128990686,423.2546714528115,88433.99054844276,88060.33396465179,208.9380141863413,11.281674984116648
1913,ME,83605.70311687728,8113.886491115121,461.91670458886654,83567.04108374122,83297.42475475285,180.91365879075727,10.266032787858853
1914,ME,54906.61873635521,7891.926070385527,493.27593047727476,54875.2595104668,55128.5791570848,111.24657847661777,6.985440393816528
1915,ME,25428.46426882135,6917.766446072314,506.7224137312437,25415.01778556738,26402.623893134565,50.15570082725222,3.81663996594235
1916,ME,47068.64506721267,6202.560645943626,495.00410306935345,47080.36337787456,47783.85086734135,95.1110568295194,7.703890956486047
1917,ME,101832.2624137236,5610.6661906647105,490.5176986291388,101836.74881816382,102424.15686900252,207.61075309365867,18.255257644701913
1918,ME,110133.18398633217,5302.387828540276,499.45131716471644,110124.25036779659,110441.4623484566,220.49045939642238,20.828627765400675
1919,ME,125315.08294915187,4981.778331930865,506.30006861404047,125308.23419770255,125635.69244576128,247.49796013404602,25.21904510292948
1920,ME,107445.37954035672,4846.135852596112,512.5709876555277,107439.10862131523,107581.02201969147,209.60825175208603,22.199340937183898
1921,ME,86371.15064178758,5055.7651388407285,516.6937719297034,86367.0278575134,86161.52135554297,167.15322024292504,17.042231786759686
1922,ME,90883.43180649236,5573.67278720978,530.8084203070925,90869.31715811497,90365.5241581233,171.19042140579396,16.212922359828898
1923,ME,120764.3769554862,6153.236108003716,531.5827400355877,120763.60263575769,120184.81363469225,227.17743361583368,19.531968467513202
1924,ME,146305.4193035313,6769.792832252586,549.999932677011,146287.00211088988,145688.86257928243,265.9764000313021,21.52043145030862
1925,ME,153961.4282881939,7534.323170321183,583.490696990622,153927.9375238803,153196.8979501253,263.80529855534996,20.333199742956424
1926,ME,204320.12854258335,9051.052711973403,618.8131035727386,204284.80613600122,202803.39900093112,330.12359459836244,22.406608982913973
1927,ME,149941.9975488045,9667.609436222272,664.0878189605255,149896.72283341672,149325.44082455564,225.71822363500817,15.44595298451633
1928,ME,88100.61808369208,9914.23212592182,690.3773235251774,88074.32857912742,87853.99539399253,127.57419106613433,8.861401899627593
1929,ME,276265.6756580944,12331.134484977387,721.4357651017222,276234.61721651786,273848.7732990388,382.89565139256564,22.207913929789648
1930,ME,253801.37246469382,13749.214950749787,784.2566661191609,253738.5515636764,252383.29199892143,323.54019101843767,18.356196546709615
1931,ME,125193.6888542667,13255.96957135069,844.38087010877,125133.5646502771,125686.9342336658,148.1956414220491,9.481534606514579
1932,ME,16702.40296972916,11233.663515814396,859.394603408082,16687.389236429848,18724.709025265453,19.417609989931332,1.6668390502266157
1933,ME,12678.942576231204,9186.695191308154,817.7602306646824,12720.576948974604,14725.910900737446,15.555387107337333,1.6029606506015497
1934,ME,22774.679703440157,7595.978842746071,779.4862637557163,22812.953670349125,24365.39605200224,29.26665257759884,3.207670341956054
1935,ME,40629.42573238251,6917.766446072314,757.9595937304376,40650.952402407784,41307.638129056264,53.63208373989521,5.971239192746876
1936,ME,54273.58366777421,6634.1503529178335,762.563307929012,54268.97995357564,54557.19976092869,71.16652399780506,8.223690579598236
1937,ME,57812.61056152852,6473.845604613128,777.5772065205659,57797.596662936965,57972.915309833224,74.33036382530368,8.954942525741258
1938,ME,101870.36565901758,6757.461697767608,796.5356018199552,101851.4072637182,101586.74956586311,127.86799112431909,15.03327049555061
1939,ME,79565.56453480279,6806.786235707518,835.8301305999971,79526.27000602275,79516.23999686287,95.1464503306852,11.681906445031428
1940,ME,85435.38731761066,7090.402328861997,849.5072059396022,85421.71024227104,85151.77122445618,100.55442690187647,12.009441393450935
1941,ME,81536.57192469586,7312.36274959159,867.7465732673903,81518.33255736808,81314.61150396627,93.94255773367226,11.120155589724792
1942,ME,67028.2419176009,6979.422118497201,880.4100996718533,67015.57839119644,67361.18254869529,76.11859338752986,9.651398268371164
1943,ME,67266.70795273315,6424.521066673217,877.3224812515878,67269.79557115342,67821.60900455713,76.67624734201084,10.556679369669638
1944,ME,52088.1369046341,6165.567242488693,874.4823497275065,52090.97703615818,52347.09072881862,59.56778550463599,8.49023109635068
1945,ME,64565.38731761066,5968.269090729055,856.4544918309891,64583.41517550717,64762.68546937029,75.40787723284184,10.85116714492161
1946,ME,97988.8837273088,6683.474890857744,852.1181152807967,97993.22010385898,97273.6779271801,114.99957382265895,14.554356755381809
1947,ME,166934.85797132712,8496.15166014942,881.3240247426396,166905.6520618653,165122.18120203546,189.3805766960731,19.434938052780886
1948,ME,159160.3024981656,9729.26510864716,976.8804499500603,159064.7460729582,157927.18904966785,162.82928589786994,16.23218067203304
1949,ME,194642.2731350009,11874.882509033223,1056.6496782807844,194562.50390667017,192496.65573461485,184.1315129374117,16.210405078802477
1950,ME,177958.32990605346,12738.06192298164,1165.1221701519873,177849.85741418225,177095.15049210505,152.64481439828938,13.902833222422569
1951,ME,223595.01058570322,13847.864026629604,1247.7385528745037,223512.3942029807,222485.20848205526,179.13399701248258,16.066391759351017
1952,ME,230257.73687772267,14846.685919912774,1368.8817508836814,230136.5936797135,229258.9149844395,168.12014151781105,15.441756916063758
1953,ME,187035.26231345176,15278.27562688698,1486.3573203060976,186917.78674402935,186603.67260647757,125.75562026063548,12.213660570312603
1954,ME,155607.7107846071,15216.6199544621,1550.5154229498442,155543.55268196337,155669.36645703198,100.3173205372204,10.230219780929977
1955,ME,204887.08428022778,15672.871930406256,1577.5078794007618,204860.09182377686,204430.83230428363,129.863117958939,13.043610208265422
1956,ME,287848.73590008373,16548.382478839652,1651.098982878464,287775.14479660604,286973.2253516503,174.2930907115633,17.34146680006954
1957,ME,463816.31385917775,18533.695130921016,1801.0644427183674,463666.34839933785,461831.0012070964,257.4401767099021,24.91845246966389
1958,ME,477406.7326300344,20358.703034697664,2113.9695669221733,477093.82750583056,475581.72472625773,225.6862326549259,23.36011895825172
1959,ME,257997.31696066033,20519.007783002373,2413.6337383653913,257697.65278921713,257837.01221235562,106.76750523206566,12.565764141185413
1960,ME,313580.96729950694,21357.52492798083,2467.9927768201633,313526.60826105217,312742.4501545285,127.03708503758644,14.643197243553239
1961,ME,397303.11442934774,22923.579007572964,2572.6334756340752,397198.47373053385,395737.06034975563,154.39372825257846,17.26331914484301
1962,ME,361904.58459850925,24008.718842250968,2751.3913763083083,361725.826697835,360819.4447638312,131.47014627311302,15.028683835009753
1963,ME,302885.753904942,24304.666069890427,2878.7673599902973,302758.37792126,302589.8066773026,105.16944930287123,12.449864804032947
1964,ME,339476.494051527,24834.904852744457,2935.432141595269,339419.82926992205,338946.25526867295,115.62857286336838,13.647978813625961
1965,ME,292369.8038919817,24625.275566499844,3022.98984925509,292282.2461843219,292579.43317822635,96.68647953162812,11.881265344143015
1966,ME,374517.24994306325,25315.819097658576,3055.0499972277157,374485.18979509064,373826.70641190454,122.57907076313471,14.766526217059248
1967,ME,392800.3952703527,26154.336242637037,3165.610927410304,392689.83434017014,391961.87812537426,124.04867286120296,14.986496865724103
1968,ME,453511.93419818196,27646.403515319304,3283.984511383457,453393.5606142088,452019.8669254997,138.06202771133226,16.350042300259
1969,ME,439353.3054571149,28904.179232786995,3451.8554727815063,439185.4344957168,438095.5297396472,127.23169841807457,15.156823039718093
1970,ME,463040.939347318,30322.259698559392,3589.9308325742513,462902.8639875253,461622.8588815456,128.944786285921,15.223893716056962
1971,ME,413042.03750658507,30926.485288323285,3738.5656296047164,412893.4027095546,412437.81191682117,110.441662288863,13.336071269390017
1972,ME,314937.2104567951,30026.312470919936,3823.062519581639,314852.7135668182,315837.38327419845,82.35615084873704,10.518687020928146
1973,ME,363762.5149791797,29533.06709152084,3800.8820770617253,363784.6954216996,364255.7603585788,95.71059771023563,12.3338276796574
1974,ME,319294.3896845518,28719.212215512336,3828.342545862484,319266.92921575106,320108.2445605603,83.39560146225726,11.146135978885162
1975,ME,340804.3957237621,28016.337549868622,3807.7566843253644,340824.98158529925,341507.27038940584,89.50807781082908,12.189575806670964
1976,ME,312904.26017669257,26770.892966885905,3809.3661146094228,312902.6507464085,314149.7047596753,82.14034601357571,11.734748823965674
1977,ME,461772.1124494333,27103.833597980294,3781.789231462325,461799.6893325804,461439.1718183389,122.11142955579622,17.02486735502701
1978,ME,570520.7199694905,28620.563139632515,3904.410485634217,570398.0987153186,569003.9904278383,146.09070967666594,19.880950198352533
1979,ME,639090.9943282104,30938.81642280826,4123.5733060014845,638871.8315078431,636772.7410450346,154.93160521192226,20.581677474113146
1980,ME,817640.1894494977,34588.83223036157,4390.30563079776,817373.4571247015,813990.1736419444,186.1768919664431,23.533323363470934
1981,ME,963184.9234732095,39286.99446913796,4810.140227040673,962765.0888769666,958486.7612344332,200.15322702333887,24.397049817271615
1982,ME,369350.46739886457,38214.18576894492,5335.987201071344,368824.6204248339,370423.27609905764,69.12022209325808,9.693344726451958
1983,ME,293666.5699350881,34798.46151660618,5218.53555611647,293784.02158004296,297082.29418742686,56.296257526828306,8.53722495880044
1984,ME,482836.49663152394,31949.969450576413,5034.497381244656,483020.53480639576,485684.9886975537,95.94215633239257,15.201422631995394
1985,ME,456385.26941002853,30087.96814334482,5054.915293408858,456364.85149786435,458247.27071726014,90.28140433785744,15.230249797330371
1986,ME,430451.83272014285,28447.92725684283,5045.439569378326,430461.30844417337,432091.87360664486,85.31690896799556,15.188870166374247
1987,ME,618617.7969831679,29187.79532594147,5009.339605118055,618653.8969474281,617877.9289140692,123.50009097313902,21.169051037058384
1988,ME,766876.8591373282,31703.34676087686,5163.19087353837,766723.0078689079,764361.3077023928,148.4979011328836,24.109798674177952
1989,ME,1152396.6129360646,37955.231944760395,5449.374662349276,1152110.4291472537,1146144.727752181,211.42066760566033,30.19727897909481
1990,ME,1071255.4363246767,43220.62636984574,6092.69069432867,1070612.1202926973,1065990.0418995915,175.72074047501994,24.663919323559682
1991,ME,1127652.487463195,48066.76222244186,6592.817304966979,1127152.3608525568,1122806.351610599,170.9667216173833,23.3593090047237
1992,ME,1502416.8231748631,55613.416527248024,7100.34939672498,1501909.2910831051,1494870.168870057,211.52611050040122,26.879667932964328
1993,ME,1744746.4097156953,64639.80697025146,7932.6352438369395,1743914.1238685832,1735720.0192726918,219.84045279574318,26.852184445283154
1994,ME,1994362.3500870198,74258.09186853383,8926.161095961277,1993368.8242348954,1984744.0651887376,223.317594518523,26.727646984284476
1995,ME,2829308.9758565985,89302.07594020624,10072.359618710056,2828162.7773338496,2814264.991784926,280.78453156898365,31.513992952070524
1996,ME,2989790.9878385263,104074.77505320916,11941.369828518838,2987921.9776287177,2975018.2887255233,250.21601546020688,28.58539244696439
1997,ME,3516812.8651727038,121338.3633321775,13788.849378561252,3514965.3856226616,3499549.2768937354,254.91361092736935,28.841243451696503
1998,ME,3543564.4530568495,135852.1086209959,15982.07059188586,3541371.231843525,3529050.707768031,221.58400637033156,25.977150767777022
1999,ME,2563917.201206702,137677.11652477251,17986.242005532265,2561913.0297930553,2562092.193302925,142.43737124214462,18.60942659154198
2000,ME,3194392.9354198454,143176.80250507244,18811.788916904276,3193567.3885084735,3188893.2494395454,169.7641517569195,22.27241559837579
2001,ME,3322946.7528623226,148183.24310597326,20181.81456316274,3321576.727216064,3317940.3122614217,164.58266013794608,22.39079293121285
2002,ME,3339033.4730295297,152005.89479631625,21540.868940883694,3337674.4186518085,3335210.8213391867,154.9461364725653,21.94132553746207
2003,ME,3516258.421999999,156593.07682472785,22776.65197052534,3515022.6389703574,3511671.2399715874,154.32569472980728,22.42545654749568
2004,ME,4319248.639,167728.0912646624,24061.48179897297,4317963.809171553,4308113.624560066,179.45544024457624,25.68510493428429
2005,ME,6274944.301999999,196163.68738702027,26015.486777133927,6272990.297021838,6246508.705877641,241.12523247250653,31.843348731274713
2006,ME,6371339.289000001,208359.1793926629,29724.523618305207,6367630.25215883,6359143.796994358,214.22143997750942,30.520103868379355
2007,ME,7446780.999999999,225968.03943721062,33154.02680480154,7443351.496813503,7429172.139955452,224.50821858343667,32.8770925236079
2008,ME,9600698.000000002,256882.1935910489,37308.281402816705,9596543.745401986,9569783.845846163,257.2228841577641,37.253589717787364
2009,ME,7431121.000000001,NA,43191.209161026025,7425238.0722417915,NA,171.91549429790035,NA
2010,ME,10294921,NA,46303.209244923426,10291808.999916103,NA,222.2698851277673,NA
1860,NR,15814.546034885816,NA,NA,NA,NA,NA,NA
1861,NR,16458.084647700252,NA,NA,NA,NA,NA,NA
1862,NR,16252.311987074054,NA,NA,NA,NA,NA,NA
1863,NR,17312.06412992639,NA,NA,NA,NA,NA,NA
1864,NR,18578.205920859404,NA,NA,NA,NA,NA,NA
1865,NR,20482.43463317935,NA,NA,NA,NA,NA,NA
1866,NR,23764.329778108167,NA,NA,NA,NA,NA,NA
1867,NR,23589.653609723588,NA,NA,NA,NA,NA,NA
1868,NR,23820.520713230195,NA,NA,NA,NA,NA,NA
1869,NR,23951.951033432248,NA,NA,NA,NA,NA,NA
1870,NR,27979.035389432516,NA,NA,NA,NA,NA,NA
1871,NR,29469.62927475834,NA,NA,NA,NA,NA,NA
1872,NR,31688.23417715871,NA,NA,NA,NA,NA,NA
1873,NR,35950.28679844655,NA,NA,NA,NA,NA,NA
1874,NR,47065.092736796476,NA,NA,NA,NA,NA,NA
1875,NR,50685.522986592296,NA,NA,NA,NA,NA,NA
1876,NR,50298.43453969797,NA,NA,NA,NA,NA,NA
1877,NR,57672.74797008281,NA,NA,NA,NA,NA,NA
1878,NR,53755.67822994917,NA,NA,NA,NA,NA,NA
1879,NR,59446.466132349524,NA,NA,NA,NA,NA,NA
1880,NR,63291.31829452548,NA,NA,NA,NA,NA,NA
1881,NR,68761.9993001055,NA,NA,NA,NA,NA,NA
1882,NR,76342.3738574069,NA,NA,NA,NA,NA,NA
1883,NR,86506.73622777683,NA,NA,NA,NA,NA,NA
1884,NR,88569.29207617657,NA,NA,NA,NA,NA,NA
1885,NR,90684.00983052993,NA,NA,NA,NA,NA,NA
1886,NR,100602.82191199357,NA,NA,NA,NA,NA,NA
1887,NR,107242.4946197035,NA,NA,NA,NA,NA,NA
1888,NR,111235.05318931415,NA,NA,NA,NA,NA,NA
1889,NR,117783.56134275583,NA,NA,NA,NA,NA,NA
1890,NR,157167.2572012397,NA,NA,NA,NA,NA,NA
1891,NR,147811.24034225303,NA,NA,NA,NA,NA,NA
1892,NR,150825.57410297435,NA,NA,NA,NA,NA,NA
1893,NR,161079.80572986224,NA,NA,NA,NA,NA,NA
1894,NR,170748.99912677344,NA,NA,NA,NA,NA,NA
1895,NR,179647.31863301643,NA,NA,NA,NA,NA,NA
1896,NR,197752.88715482486,NA,NA,NA,NA,NA,NA
1897,NR,178689.9838185666,NA,NA,NA,NA,NA,NA
1898,NR,182559.27591206177,NA,NA,NA,NA,NA,NA
1899,NR,182002.40184895662,NA,NA,NA,NA,NA,NA
1900,NR,193862.16648983175,12123.373732712966,1946.839652799808,NA,NA,NA,NA
1901,NR,168714.80633118848,12456.314363807356,2036.1599561154158,168625.48602787286,168381.8657000941,82.81544164613493,13.517791923214359
1902,NR,176130.9856004083,12401.580356608549,2119.634664986389,176047.51089153733,176185.7196076071,83.05559151282695,14.206715155760076
1903,NR,175795.28253648456,12408.502021834625,2203.580534710193,175711.33666676076,175788.36087125848,79.73901289242858,14.166767315017754
1904,NR,174296.0367115152,12847.609663366047,2287.952086335738,174211.66515988964,173856.92906998377,76.14305657899408,13.53223935233051
1905,NR,187381.5506095728,13862.659964425911,2379.6871106167823,187289.81558529174,186366.5003085129,78.70354667624719,13.443776359426186
1906,NR,259520.0811021487,15487.345324508562,2487.490990799692,259412.27722196578,257895.39574206603,104.28672030629889,16.65200783855121
1907,NR,308273.2627391005,17419.393120079603,2618.5935016713747,308142.16022822884,306341.21494352946,117.674683005037,17.586216283873014
1908,NR,347189.5884798785,18661.217041796823,2786.8094104142515,347021.37257113564,345947.76455816126,124.52282214719229,18.538328115648515
1909,NR,305672.4113887439,19071.125826456744,2977.5021959566193,305481.71860320156,305262.502604084,102.59663922936441,16.006527636695857
1910,NR,334363.7092744738,19515.919549273283,3148.368635292831,334192.84283513756,333918.9155516572,106.14793931335622,17.110078503274593
1911,NR,359915.83199414273,20645.527676684742,3337.2377624974647,359726.9628669381,358786.2238667313,107.79182919161619,17.37839930688297
1912,NR,411220.29905992164,22037.39063224131,3555.054048728811,411002.4827736903,409828.4361043651,115.61075503779006,18.596958366966316
1913,NR,401217.6840867462,23199.17896317994,3792.3734387679224,400980.36469670705,400055.8957558076,105.73335436791234,17.24439888113055
1914,NR,339429.1571482766,23413.89806137854,4013.8784209073356,339207.6521661372,339214.438050078,84.50870121010279,14.48773874221378
1915,NR,234720.07360652369,22419.88936802313,4186.35561886406,234547.59640856695,235714.08229987908,56.026677559755406,10.513614872519023
1916,NR,237700.27319232,21903.17425831635,4268.842217141023,237617.78659404302,238216.98830202676,55.663286321503605,10.875911659771363
1917,NR,293262.66959404823,21569.317700585914,4341.122637670795,293190.38917351846,293596.52615177864,67.53791902336768,13.611766965804547
1918,NR,308659.7347289592,21360.28468367243,4425.571416592092,308575.28595003794,308868.7677458727,69.72552398389632,14.459955582051238
1919,NR,317355.3940705918,21158.769601316166,4511.819796063625,317269.14569112024,317556.90915294806,70.31955176222338,15.0082880591126
1920,NR,316434.66672455147,21102.523398150173,4590.229825954718,316356.2566946604,316490.91292771744,68.91948087345752,14.997775714133823
1921,NR,289864.8773263582,21451.09616769012,4678.454073396422,289776.65307891654,289516.3045568183,61.93854818981841,13.496573895039031
1922,NR,281893.4868269975,22028.551023185748,4770.104923410347,281801.83597698354,281316.0319715019,59.07665355409241,12.770519117458422
1923,NR,337911.99022397626,22667.661551106256,4836.243445616365,337845.85170177027,337272.8796960558,69.85708132786372,14.879032799022701
1924,NR,356169.4108039641,23542.256172903595,4939.573165895524,356066.081083685,355294.8161821668,72.08438242034455,15.091791269823156
1925,NR,424509.8625666122,24564.82440852067,5049.8817592735295,424399.5539732342,423487.2943309951,84.04148338599671,17.23958157763596
1926,NR,443666.6926589731,26418.988123890136,5209.296572096788,443507.27784614987,441812.5289436036,85.1376518322577,16.72329488441239
1927,NR,426026.4029720307,27511.92250515158,5350.838961223511,425884.86058290396,424933.4685907692,79.59216557799789,15.445429831782961
1928,NR,377829.7466731134,28413.564473243416,5498.787500555426,377681.79813378147,376928.10470502154,68.68455965894887,13.265780330375955
1929,NR,618057.4565306411,32180.203527167934,5658.878427650063,617897.3656035464,614290.8174767166,109.19078285626607,19.089090501186714
1930,NR,662130.4547740407,35285.45486152653,5852.133274971944,661937.1999267188,659025.2034396821,113.11041099450905,18.676964942805647
1931,NR,556045.8983716408,34951.00203446496,6054.5399225265355,555843.4917240862,556380.3511987024,91.80606599950124,15.918866951226727
1932,NR,270115.9160080698,32630.959943295806,6214.301179976051,269956.1547506203,272435.958099239,43.44111219142113,8.349002253463043
1933,NR,280129.97681982117,30425.19906645204,6270.850861691018,280073.4271381062,282335.73769666493,44.662747259560994,9.2796677214835
1934,NR,174420.20741790798,28933.72806310091,6346.413583176017,174344.64469642297,175911.6784212591,27.471365112195137,6.079813774347271
1935,NR,278027.4818129079,28870.836806735064,6433.614818074263,277940.28057800967,278090.3730692738,43.20126218889864,9.632224203643455
1936,NR,352589.323920697,29083.447439635343,6557.7441670161215,352465.1945717551,352376.7132877967,53.747933068900494,12.116057218429086
1937,NR,350392.88509725814,29578.16196972293,6690.887779677321,350259.7414845969,349898.17056717054,52.348769403735055,11.829611688695753
1938,NR,460657.68677585974,30616.04268648065,6829.917787539514,460518.65676799754,459619.806059102,67.42667643938067,15.01238454511496
1939,NR,348847.98376624467,31221.14115760189,6999.967105566377,348677.9344482178,348242.88529512344,49.81136756642027,11.154072925689054
1940,NR,352089.2089956538,32239.172805317427,7152.438029108491,351936.7380721117,351071.17734793824,49.20514328678196,10.889583906756865
1941,NR,347556.4968286241,33016.90715922835,7303.492655398618,347405.442202334,346778.7624747132,47.56702835122834,10.503066226110377
1942,NR,247419.8586362027,33080.947908977774,7442.704062865144,247280.64722873617,247355.81788645327,33.22457068560952,7.477289301595976
1943,NR,225967.51263756337,32982.575445124174,7505.582164376508,225904.634536052,226065.88510141696,30.09821617945315,6.854100446993334
1944,NR,257841.27876192768,33239.6974160366,7584.7460814130745,257762.11484489113,257584.15679101524,33.98427740073651,7.749293068677061
1945,NR,376376.0825208586,33776.814818838015,7686.455188394106,376274.37341387756,375838.9651180572,48.952913168871376,11.12712868675954
1946,NR,396632.29472101305,35524.17220916061,7809.506398617149,396509.24351079,394884.93733069045,50.772638278521804,11.115950429630603
1947,NR,600708.4662423931,38428.54777577277,8068.814855861448,600449.1577851488,597804.090675781,74.41602868715758,15.556249852685452
1948,NR,516678.1413206478,40594.56746925346,8399.900106593534,516347.0560699157,514512.1216271671,61.47061864040587,12.674408269452835
1949,NR,665306.2873792637,43831.88366696001,8658.669479251703,665047.5180066054,662068.9711815572,76.80712603711488,15.104734631348217
1950,NR,549540.8174430545,45627.969325891376,8986.213075449637,549213.2738468566,547744.7317841231,61.11732152749738,12.004582712676367
1951,NR,694374.7785544388,48166.90440057706,9247.080977364967,694113.9106525235,691835.8434797531,75.06302933342724,14.36330302080747
1952,NR,734571.8409594625,50753.65181723548,9632.04773015386,734186.8742066736,731985.093542804,76.22334261366309,14.422313810613892
1953,NR,675620.1030227204,52654.07263333179,10007.026170273228,675245.124582601,673719.6822066241,67.47710189751251,12.795205546553241
1954,NR,586851.384068865,53743.66296535395,10280.66281871616,586577.747420422,585761.7937368428,57.056413362039756,10.89917883182723
1955,NR,679918.4183837196,55509.95349808269,10460.25815535428,679738.8230470815,678152.1278509909,64.98298731749219,12.216766275518754
1956,NR,830416.6104802454,57993.23863893352,10820.498779696538,830056.3698559032,827933.3253393946,76.7114702155331,14.276376777198385
1957,NR,1116425.938491082,62241.3451618246,11347.01708254618,1115899.4201882323,1112177.831968191,98.3429752568799,17.86879491560763
1958,NR,1117489.1231348037,66229.90159120002,12105.915612158557,1116730.2246051913,1113500.5667054283,92.24665530326389,16.812656216499338
1959,NR,797731.9242655875,67759.79210341588,12743.987883739735,797093.8519940063,796202.0337533716,62.546658021468424,11.750361225108213
1960,NR,1043193.4475820337,70960.34846441502,13085.685076311449,1042851.750389462,1039992.8912210346,79.69408894588939,14.655972155246209
1961,NR,1123561.2375360003,74590.70572439497,13655.481246221627,1122991.4413660902,1119930.8802760204,82.23741229748413,15.014348897757456
1962,NR,1168122.3378897873,78276.07360359993,14246.586346735137,1167531.2327892738,1164436.9700105824,81.95164823163654,14.876026816411876
1963,NR,1347504.3852445744,82641.07998488845,14918.846899191933,1346832.1246921176,1343139.3788632858,90.27722677180014,16.25268424745767
1964,NR,1343626.8337351112,86744.15119533677,15734.600489892635,1342811.0801444105,1339523.7625246628,85.34128851933585,15.44223724673063
1965,NR,1198205.1865846654,89492.03319637857,16459.940904460458,1197479.8461700976,1195457.3045836235,72.75116314941289,13.358253934854163
1966,NR,1214339.3801651509,92504.9178054736,16999.12790983985,1213800.1931597714,1211326.4955560558,71.40367432950309,13.094725386420272
1967,NR,1289160.8036738043,95864.26671881022,17581.83573433966,1288578.0958493045,1285801.4547604676,73.29030456885343,13.412729255333376
1968,NR,1369933.7951317788,99837.46762176632,18170.29061488331,1369345.340251235,1365960.5942288227,75.36177429818335,13.681843367699956
1969,NR,1389976.4891309603,103735.16952184537,18812.62247793572,1389334.1572679079,1386078.7872308812,73.85116875105427,13.361705520122467
1970,NR,1551180.7184080677,108487.89358670576,19503.170250972333,1550490.170635031,1546427.9943432072,79.49939167237343,14.254383076460694
1971,NR,1385671.0021309312,111771.74349716539,20229.21252906131,1384944.9598528421,1382387.1522204715,68.46262343940619,12.367948364834534
1972,NR,1077580.2166890188,112320.55271984196,20791.761550519484,1077017.6676675605,1077031.4074663422,51.80021255296914,9.588907652126247
1973,NR,1073185.718680866,112740.36451638362,21048.01806779742,1072929.462163588,1072765.9068843245,50.975320275172365,9.515366670013103
1974,NR,1265334.9137253873,113732.77492321446,21302.159494975822,1265080.772298209,1264342.5033185566,59.387442507722376,11.116782336245333
1975,NR,979086.6888175627,112950.50398140197,21676.26035843422,978712.5879541043,979868.9597593751,45.15135783434562,8.6752066190047
1976,NR,867186.2790022055,111188.98360332231,21790.81027980041,867071.7290808393,868947.7993802851,39.79070617142655,7.815052995540838
1977,NR,1108515.6669268613,111283.73540591043,21789.334433115808,1108517.1427735458,1108420.9151242732,50.87430027641424,9.960313706951677
1978,NR,1460253.0930675264,113574.57864020807,22088.990720023074,1459953.436780619,1457962.2498332288,66.09416678586453,12.837047403467768
1979,NR,1573493.0780722396,116786.04003028238,22612.19757874361,1572969.871213519,1570281.6166821653,69.56289258201843,13.445798969423011
1980,NR,1939150.6407390055,122321.7173968438,23238.50526547066,1938524.3330522785,1933614.963372444,83.41863260597354,15.807617850060828
1981,NR,2511495.871425557,130890.44809884735,24334.94167420995,2510399.435016818,2502927.1407235535,103.16028156653964,19.122305539311505
1982,NR,1410425.0900879719,130829.94191980604,25772.57345300752,1408987.4583091743,1410485.596267013,54.67003366498323,10.781061090217323
1983,NR,1233430.9900876866,128366.9729814924,26106.76065287968,1233096.8028878144,1235893.9590260002,47.23285356169988,9.627818825362409
1984,NR,1711189.3426722675,128515.69034083345,26378.354771813814,1710917.7485533333,1711040.6253129265,64.86066941451209,13.31386557372968
1985,NR,1813419.9067100927,129809.69101131015,27057.194465329325,1812741.067016577,1812125.906039616,66.99663815254002,13.959866108006743
1986,NR,1778589.2116274452,131206.55768826333,27776.035880459593,1777870.3702123149,1777192.344950492,64.00734711978986,13.544996349747732
1987,NR,2203242.056824856,135975.78677292663,28487.486331973916,2202530.6063733418,2198472.827740193,77.31572314617507,16.168119927201026
1988,NR,2482977.7472356777,142937.5296733127,29561.756541558545,2481903.477026093,2476016.0043352917,83.95656305257032,17.322364602174726
1989,NR,3255278.537355199,155541.1169506972,30892.457120573297,3253947.8367761844,3242674.9500778145,105.33146729235625,20.84770261168733
1990,NR,3316273.5478762556,167912.4780928868,32927.88655654263,3314238.1184402863,3303902.186734066,100.65140721221785,19.676335101828432
1991,NR,3206631.070529839,178614.0893129291,34829.44301917909,3204729.5140672023,3195929.459309797,92.01208047749986,17.892930348347704
1992,NR,3990077.6760800234,194020.9749584427,36587.9619547885,3988319.157144414,3974670.79043451,109.0063218627141,20.485778876669617
1993,NR,4660059.758722508,213944.5043056088,39025.48407637984,4657622.236600917,4640136.229375342,119.34822454694266,21.68850396244413
1994,NR,4984196.072628186,234320.98462475842,41991.3739869688,4981230.182717597,4963819.592309036,118.62508200525718,21.183845741592865
1995,NR,6295162.397880405,263199.76981883764,45063.55089403158,6292090.220973343,6266283.612686326,139.62703995007848,23.80808925858657
1996,NR,6821578.955398193,293891.4223036774,49255.607944923766,6817386.8983473005,6790887.302913353,138.4083393300172,23.10678974460283
1997,NR,7621807.867178307,326776.22791884973,53706.18338355815,7617357.291739672,7588923.061563134,141.83389717601278,23.223608124418817
1998,NR,7749762.573436378,358241.0781696988,58685.34471228348,7744783.412107652,7718297.723185528,131.97133713839438,21.544982397382608
1999,NR,6209280.162481619,375349.86923596216,63487.96413761736,6204477.543056285,6192171.371415356,97.72683101961462,16.497065481918877
2000,NR,6912985.366328986,394565.2619244157,66490.26229784638,6909983.0681687575,6893769.973640533,103.92473768888368,17.47181173531979
2001,NR,7208339.333076595,414279.8626855797,70039.16899939683,7204790.4263750445,7188624.732315431,102.86801698685333,17.352097892750542
2002,NR,7306190.516943963,433525.24102170486,73668.19279759955,7302561.49314576,7286945.138607838,99.1277404240017,16.808583328238115
2003,NR,7717095.648085449,454507.75407896587,77180.5661553442,7713583.274727704,7696113.135028188,99.94204058055608,16.93285332529458
2004,NR,8661488.885929536,481879.3069954122,80893.21985471419,8657776.232230166,8634117.33301309,107.02721745752861,17.917593072937848
2005,NR,11081326.27341326,525856.7241778052,85332.51389224219,11076886.979375731,11037348.856230866,129.8085158180575,20.989270173331214
2006,NR,11321942.67894992,552283.9986866985,91890.72449278903,11315384.468349373,11295515.404441027,123.13957182084606,20.45236767913094
2007,NR,12730262.767992308,583687.9617155688,98215.92239612121,12723937.570088977,12698858.804963438,129.55066001183812,21.756245867465044
2008,NR,15468614.98679218,633419.0333214037,105490.774841841,15461340.13434646,15418883.915186346,146.565803100102,24.34231228312749
2009,NR,12760791.45625303,NA,114952.41084416414,12751329.820250707,NA,110.92703255729987,NA
2010,NR,15717993.873375127,NA,121009.34056809204,15711936.9436512,NA,129.84069551895527,NA
1860,NRC,14213.638632577744,NA,NA,NA,NA,NA,NA
1861,NRC,14496.423600127544,NA,NA,NA,NA,NA,NA
1862,NRC,14997.776709302172,NA,NA,NA,NA,NA,NA
1863,NRC,15935.382808991311,NA,NA,NA,NA,NA,NA
1864,NRC,16953.969085266413,NA,NA,NA,NA,NA,NA
1865,NRC,18823.23424229959,NA,NA,NA,NA,NA,NA
1866,NRC,21567.379627118633,NA,NA,NA,NA,NA,NA
1867,NRC,21671.802047858764,NA,NA,NA,NA,NA,NA
1868,NRC,21593.491951237625,NA,NA,NA,NA,NA,NA
1869,NRC,23111.30682541856,NA,NA,NA,NA,NA,NA
1870,NRC,25101.358564201408,NA,NA,NA,NA,NA,NA
1871,NRC,27604.863493633733,NA,NA,NA,NA,NA,NA
1872,NRC,29626.877433700924,NA,NA,NA,NA,NA,NA
1873,NRC,33999.70916934475,NA,NA,NA,NA,NA,NA
1874,NRC,40253.70183682678,NA,NA,NA,NA,NA,NA
1875,NRC,44644.98445316709,NA,NA,NA,NA,NA,NA
1876,NRC,48282.15210518365,NA,NA,NA,NA,NA,NA
1877,NRC,53226.79690405529,NA,NA,NA,NA,NA,NA
1878,NRC,52062.346458007174,NA,NA,NA,NA,NA,NA
1879,NRC,58582.84877583901,NA,NA,NA,NA,NA,NA
1880,NRC,61351.030662881494,NA,NA,NA,NA,NA,NA
1881,NRC,65367.28936574161,NA,NA,NA,NA,NA,NA
1882,NRC,71359.60626979028,NA,NA,NA,NA,NA,NA
1883,NRC,82101.96666981111,NA,NA,NA,NA,NA,NA
1884,NRC,81067.48619910612,NA,NA,NA,NA,NA,NA
1885,NRC,85909.28987833283,NA,NA,NA,NA,NA,NA
1886,NRC,97766.49884265088,NA,NA,NA,NA,NA,NA
1887,NRC,101507.42725560706,NA,NA,NA,NA,NA,NA
1888,NRC,98335.19215230012,NA,NA,NA,NA,NA,NA
1889,NRC,112174.08228602668,NA,NA,NA,NA,NA,NA
1890,NRC,140676.36531622303,NA,NA,NA,NA,NA,NA
1891,NRC,135117.12173647084,NA,NA,NA,NA,NA,NA
1892,NRC,144847.5732789552,NA,NA,NA,NA,NA,NA
1893,NRC,148594.62649129113,NA,NA,NA,NA,NA,NA
1894,NRC,160427.47491163958,NA,NA,NA,NA,NA,NA
1895,NRC,171020.25003295625,NA,NA,NA,NA,NA,NA
1896,NRC,187988.72182478776,NA,NA,NA,NA,NA,NA
1897,NRC,171925.62503978217,NA,NA,NA,NA,NA,NA
1898,NRC,174721.27164827863,NA,NA,NA,NA,NA,NA
1899,NRC,169978.50208611708,NA,NA,NA,NA,NA,NA
1900,NRC,181430.37489912153,10162.723349601561,1763.5315394076592,NA,NA,NA,NA
1901,NRC,150538.99130525452,10162.723349601561,1849.5285251730222,150452.99431948917,150538.99130525452,81.34667417763367,14.812859321921474
1902,NRC,146738.59606906938,10083.3270734328,1935.8626607674535,146652.26193347495,146817.99234523813,75.75550936828138,14.56047109014931
1903,NRC,149601.05073038777,10003.930797264036,2017.258872754338,149519.65451840087,149680.44700655653,74.12021160885948,14.96216337756879
1904,NRC,150096.71757904373,10023.779866306226,2099.224986569522,150014.75146522856,150076.86851000154,71.46196926246446,14.972083436754986
1905,NRC,165997.0849776788,10261.968694812515,2179.802824134519,165916.5071401138,165758.8961491725,76.11537397011594,16.152738434386826
1906,NRC,179974.68248463218,10579.553799487563,2271.555387034713,179882.929921732,179657.09737995712,79.18932153204112,16.98153823733654
1907,NRC,215682.30732670947,11155.17680171109,2372.68239478972,215581.18031895446,215106.68432448595,90.85968724358509,19.283126403831698
1908,NRC,238568.39367203417,11373.516561175185,2500.6694108797637,238440.40665594413,238350.0539125701,95.35063116242067,20.956583887713812
1909,NRC,248065.80338088045,11869.743287229949,2644.51825165666,247921.95454010356,247569.57665482568,93.7493830435062,20.857197216823817
1910,NRC,274295.2804115734,12425.517220411284,2792.9904109364347,274146.8082522936,273739.50647839205,98.15529877181984,22.030431540404827
1911,NRC,285641.821294122,13259.178120183287,2959.5850797429034,285475.22662531555,284808.16039435,96.4578543726523,21.480076503445673
1912,NRC,322740.70652278065,14231.782503250624,3131.799377275999,322568.49222524755,321768.1021397133,102.99781479164022,22.609121665976804
1913,NRC,317611.9809698689,15085.292472064817,3330.4567341790557,317413.3236129658,316758.4710010547,95.30624444253797,20.997834253968428
1914,NRC,284522.53841192136,15521.97199099301,3520.6024904300607,284332.39265567035,284085.8588929932,80.7624244510881,18.30217571954393
1915,NRC,209291.60933770234,15502.122921950817,3679.633205132816,209132.57862299957,209311.45840674452,56.83516996511367,13.502115772179954
1916,NRC,190631.62812510732,15700.613612372723,3773.8381140716697,190537.42321616848,190433.13743468543,50.48902932685521,12.12902515380777
1917,NRC,191430.40718032463,15958.651509921203,3850.604939041656,191353.64035535464,191172.36928277614,49.694435909329876,11.979230774224737
1918,NRC,198526.55074262703,16057.896855132154,3926.1200994273754,198451.0355822413,198427.3053974161,50.54634869961961,12.35699215081196
1919,NRC,192040.3111214399,16176.9912693853,4005.519727449585,191960.9114934177,191921.21670718677,47.92409588646416,11.863838801124572
1920,NRC,208989.28718419478,16256.387545554062,4077.6588382991904,208917.14807334516,208909.89090802602,51.23458247931439,12.850941841944492
1921,NRC,203493.72668457066,16395.331028849392,4161.760301466719,203409.62522140314,203354.78320127534,48.87586273282389,12.403213014940057
1922,NRC,191010.05502050513,16454.878235975968,4239.2965031032545,190932.5188188686,190950.50781337856,45.03872722257147,11.60449230161398
1923,NRC,217147.61326849007,16514.42544310254,4304.660705580777,217082.24906601253,217088.0660613635,50.42958409813258,13.145359904242572
1924,NRC,209863.99150043286,16772.46334065101,4389.5732332185125,209779.07897279513,209605.9536028844,47.79031305031478,12.497028572712248
1925,NRC,270548.4342784183,17030.50123819949,4466.391062282907,270471.6164493539,270290.39638086985,60.55708348814126,15.870959556645772
1926,NRC,239346.56411638975,17367.935411916733,4590.483468524049,239222.47171014862,239009.1299426725,52.11269648402946,13.761516511552674
1927,NRC,276084.4054232262,17844.313068929307,4686.751142262986,275988.13774948724,275608.02776621364,58.886876937149914,15.445146400513732
1928,NRC,289729.1285894213,18499.332347321597,4808.410177030249,289607.46955465403,289074.10931102897,60.229360410662856,15.626191469168464
1929,NRC,341791.7808725467,19849.06904219055,4937.44266254834,341662.74838702864,340442.0441776778,69.19832223645263,17.15153710504231
1930,NRC,408329.0823093469,21536.239910776745,5067.876608852784,408198.64836304245,406641.9114407607,80.54628789698305,18.88175062710352
1931,NRC,430852.20951737417,21695.032463114272,5210.159052417765,430709.9270738092,430693.41696503665,82.66732795305721,19.852167434978412
1932,NRC,253413.51303834066,21397.29642748141,5354.906576567969,253268.76551419045,253711.24907397354,47.29657966815805,11.857163821319125
1933,NRC,267451.03424358997,21238.503875143888,5453.090631026335,267352.8501891316,267609.8267959275,49.02776577157543,12.600220258881793
1934,NRC,151645.5277144678,21337.74922035484,5566.927319420301,151531.69102607385,151546.28236925686,27.219987316423822,7.102261855467467
1935,NRC,237398.0560805254,21953.07036066275,5675.6552243438255,237289.32817560187,236782.7349402175,41.80827037516807,10.785859610986513
1936,NRC,298315.74025292275,22449.29708671751,5795.18085908711,298196.2146181795,297819.513526868,51.45589445247324,13.266317977638495
1937,NRC,292580.2745357296,23104.3163651098,5913.310573156756,292462.14482165995,291925.2552573373,49.458275732933856,12.635095998693055
1938,NRC,358787.32111684215,23858.58098871304,6033.382185719559,358667.24950427935,358033.0564932389,59.447129066879036,15.006469021045982
1939,NRC,269282.41923144186,24414.354921894374,6164.13697496638,269151.66444219503,268726.64529826056,43.66412776602243,11.006911555024177
1940,NRC,266653.8216780431,25148.77047645543,6302.930823168888,266515.0278298406,265919.40612348204,42.28430159032689,10.573853158047582
1941,NRC,266019.92490392824,25704.54440963676,6435.746082131228,265887.1096449659,265464.15097074694,41.31410814718099,10.327518229470082
1942,NRC,180391.6167186018,26101.525790480573,6562.29396319329,180265.06883753976,179994.635337758,27.469825315448173,6.895943048793087
1943,NRC,158700.80468483022,26558.054378450957,6628.259683124921,158634.83896489858,158244.27609685983,23.933105603688343,5.9584288006149375
1944,NRC,205753.14185729358,27074.13017354791,6710.263731685568,205671.13780873292,205237.06606219662,30.650231649996545,7.580559919990274
1945,NRC,311810.69520324795,27808.54572810896,6830.000696563116,311690.9582383704,311076.2796486869,45.63556756227193,11.186355543010293
1946,NRC,298643.4109937042,28840.69731830287,6957.388283336352,298516.02340693097,297611.2594035103,42.906333705983755,10.319142291148431
1947,NRC,433773.60827106604,29932.396115623353,7187.490831118809,433543.50572328357,432681.90947374556,60.3191733958425,14.455304807619635
1948,NRC,357517.83882248215,30865.3023606063,7423.019656643473,357282.3099969575,356584.9325774992,48.131666966178116,11.552938260945474
1949,NRC,470664.0142442627,31957.00115792679,7602.019800970918,470485.01409993524,469572.31544694223,61.88947495767449,14.693879226226048
1950,NRC,371582.4875370011,32889.90740290974,7821.090905297649,371363.41643267433,370649.5812920181,47.482304058265036,11.269401787954779
1951,NRC,470779.76796873566,34319.04037394746,7999.342424490463,470601.51644954283,469350.63499769795,58.83002520416782,13.676100202207143
1952,NRC,504314.1040817398,35906.965897322705,8263.165979270178,504050.2805269601,502726.1785583645,60.99965579675782,14.000798062301577
1953,NRC,488584.84070926864,37375.79700644481,8520.66884996713,488327.3378385717,487116.00960014656,57.310916130774814,13.03292634846427
1954,NRC,431243.6732842579,38527.04301089185,8730.147395766317,431034.19473845867,430092.4272798108,49.37307186216451,11.163390534752974
1955,NRC,475031.3341034919,39837.08156767643,8882.750275953518,474878.7312233047,473721.29554670735,53.460776952026706,11.891465863078734
1956,NRC,542567.8745801616,41444.85616009387,9169.399796818074,542281.225059297,540960.0999877442,59.140318567795156,13.05252690220747
1957,NRC,652609.6246319043,43707.65003090359,9545.952639827812,652233.0717888946,650346.8307610946,68.3256136289253,14.87947373746393
1958,NRC,640082.3905047694,45871.19855650236,9991.946045236384,639636.3970993608,637918.8419791707,64.01519726022786,13.906740221610017
1959,NRC,539734.6073049272,47240.78432041351,10330.354145374344,539396.1992047892,538365.0215410161,52.21468611957669,11.39619143258762
1960,NRC,729612.4802825267,49602.82353643418,10617.692299491286,729325.1421284097,727250.4410665061,68.68960990359017,14.661472658553949
1961,NRC,726258.1231066526,51667.126716822,11082.847770587552,725792.9676355564,724193.8199262648,65.48794882500482,14.01652977328191
1962,NRC,806217.7532912781,54267.35476134896,11495.19497042683,805805.4060914388,803617.5252467511,70.09932481915253,14.80848898533589
1963,NRC,1044618.6313396323,58336.41391499802,12040.079539201635,1044073.7467708575,1040549.5721859833,86.71651573159697,17.837050691908626
1964,NRC,1004150.339683584,61909.24634259231,12799.168348297366,1003391.2508744884,1000577.5072559897,78.39503501865936,16.16200432676908
1965,NRC,905835.3826926836,64866.757629878724,13436.951055205369,905197.5999857757,902877.8714053972,67.36629435255026,13.918961027111926
1966,NRC,839822.1302220875,67189.09870781502,13944.077912612134,839315.0033646807,837499.7891441511,60.191502702773725,12.46481654391858
1967,NRC,896360.4084034514,69709.93047617319,14416.224806929356,895888.2615091342,893839.5766350933,62.144443049924774,12.82227037854538
1968,NRC,916421.8609335969,72191.06410644703,14886.306103499852,915951.7796370264,913940.727303323,61.52982299763949,12.660025705615045
1969,NRC,950623.1836738454,74830.99028905838,15360.767005154217,950148.722772191,947983.257491234,61.855552034177336,12.668324364402352
1970,NRC,1088139.7790607498,78165.63388814637,15913.239418398083,1087587.3066475058,1084805.1354616617,68.3448088759409,13.878287445528793
1971,NRC,972628.9646243462,80845.2582088421,16490.646899456595,972051.5571432877,969949.3403036505,58.94562918422073,11.997603344874546
1972,NRC,762643.0062322236,82294.24024892203,16968.699030937845,762164.9541007424,761194.0241921437,44.91593331410618,9.249663425893461
1973,NRC,709423.2037016862,83207.29742486277,17247.135990735696,709144.7667418884,708510.1465257455,41.11666813103379,8.515000107599205
1974,NRC,946040.5240408356,85013.56270770212,17473.816949113338,945813.8430824579,944234.2587579963,54.12748947964976,11.106866112699096
1975,NRC,638282.2930938005,84934.16643153335,17868.50367410886,637887.606368805,638361.6893699693,35.698994051364956,7.515958726510394
1976,NRC,554282.0188255128,84418.0906364364,17981.444165190987,554169.0783344307,554798.0946206098,30.818941640249765,6.572028464964459
1977,NRC,646743.5544774279,84179.90180793013,18007.545201653484,646717.4534409654,646981.7433059341,35.913693187985594,7.685703230946101
1978,NRC,889732.3730980358,84954.01550057555,18184.580234388857,889555.3380653005,888958.2594053904,48.91811230171057,10.463993422410596
1979,NRC,934402.0837440292,85847.22360747412,18488.624272742123,934098.0397056759,933508.8756371306,50.52285264311534,10.874071826777826
1980,NRC,1121510.4512895078,87732.88516648223,18848.1996346729,1121150.875927577,1119624.7897304997,59.483181293619296,12.76174592464269
1981,NRC,1548310.9479523473,91603.45362970939,19524.801447169277,1547634.346139851,1544440.37948912,79.26504913903892,16.860067151313363
1982,NRC,1041074.6226891073,92615.75615086111,20436.586251936176,1040162.8378843404,1040062.3201679556,50.89709333356958,11.229863722904836
1983,NRC,939764.4201525984,93568.51146488624,20888.22509676321,939312.7813077713,938811.6648385733,44.968530210512,10.033414555182746
1984,NRC,1228352.8460407434,96565.72089025703,21343.85739056916,1227897.2137469375,1225355.6366153727,57.52930181633837,12.689343851198906
1985,NRC,1357034.637300064,99721.72286796532,22002.27917192047,1356376.2155187128,1353878.635322356,61.64707778318411,13.576566834038092
1986,NRC,1348137.3789073024,102758.63043142049,22730.596311081266,1347409.0617681416,1345100.4713438472,59.27733013811317,13.089902674807897
1987,NRC,1584624.259841688,106787.99144698515,23478.146726855863,1583876.7094259134,1580594.8988261232,67.46174337577378,14.801241950606485
1988,NRC,1716100.8880983493,111234.18291243583,24398.565668020176,1715180.469157185,1711654.6966328986,70.29841395165765,15.387847978173424
1989,NRC,2102881.9244191344,117585.88500593681,25443.08245822402,2101837.4076289306,2096530.2223256335,82.60938552079995,17.829777972243704
1990,NRC,2245018.111551579,124691.85172304105,26835.19586221396,2243625.998147589,2237912.1448344747,83.60758794784087,17.947541189822147
1991,NRC,2078978.583066644,130547.32709048725,28236.625714212114,2077577.1532146458,2073123.1076991977,73.57738754772514,15.880241701633908
1992,NRC,2487660.8529051603,138407.5584311947,29487.61255806352,2486409.866061309,2479800.621564453,84.32048749844921,17.91665606757462
1993,NRC,2915313.3490068126,149304.69733535734,31092.848832542906,2913708.112732333,2904416.21010265,93.70991151131639,19.452945968464487
1994,NRC,2989833.7225411665,160062.89275622458,33065.212891007526,2987861.3584827017,2979075.527120299,90.36268323242176,18.611906081551485
1995,NRC,3465853.422023807,173897.6938786314,34991.19127532152,3463927.443639493,3452018.6209014,98.99427019744026,19.85085911093606
1996,NRC,3831787.967559666,189816.64725046823,37314.23811640493,3829464.9207185823,3815869.014187829,102.62744501903649,20.102920736729093
1997,NRC,4104995.002005603,205437.86458667222,39917.3340049969,4102391.9061170113,4089373.7846693993,102.77219179025005,19.905647836132626
1998,NRC,4206198.120379528,222388.96954870294,42703.27412039762,4203412.180264127,4189247.015417497,98.4330187051472,18.837476624487245
1999,NRC,3645362.9612749177,237672.75271118968,45501.722132085095,3642564.51326323,3630079.178112431,80.05333298571378,15.273434319682226
2000,NRC,3718592.4309091414,251388.4594193433,47678.47338094211,3716415.6796602844,3704876.7242009877,77.94745544738433,14.73765634571494
2001,NRC,3885392.5802142727,266096.61957960646,49857.35443623409,3883213.6991589805,3870684.4200540096,77.88647719215592,14.54616156405565
2002,NRC,3967157.043914433,281519.3462253886,52127.323856715855,3964887.074493951,3951734.317268651,76.06158883951862,14.037167854548915
2003,NRC,4200837.22608545,297914.677254238,54403.91418481886,4198560.635757347,4184441.8950566,77.17387064272913,14.045772882433821
2004,NRC,4342240.246929537,314151.2157307498,56831.73805574122,4339812.423058614,4326003.708453025,76.36247933860612,13.770450317660782
2005,NRC,4806381.971413261,329693.036790785,59317.02711510826,4803896.682353894,4790840.150353226,80.98680793681119,14.53121423790753
2006,NRC,4950603.38994992,343924.81929403567,62166.200874483824,4947754.216190544,4936371.607446669,79.58913600302306,14.353054302912518
2007,NRC,5283481.767992309,357719.92227835814,65061.89559131967,5280586.073275474,5269686.665007987,81.16249957494308,14.731320054652713
2008,NRC,5867916.986792178,376536.8397303548,68182.4934390243,5864796.388944473,5849100.069340182,86.0161618200333,15.533938388415947
2009,NRC,5329670.456253029,NA,71761.20168313812,5326091.748008915,NA,74.21965662624066,NA
2010,NRC,5423072.873375127,NA,74706.13132316862,5420127.943735097,NA,72.55265194082071,NA
1860,RC,6111.509566913528,NA,NA,NA,NA,NA,NA
1861,RC,6233.100039222202,NA,NA,NA,NA,NA,NA
1862,RC,6448.6693527757225,NA,NA,NA,NA,NA,NA
1863,RC,6851.816555006756,NA,NA,NA,NA,NA,NA
1864,RC,7289.783210351021,NA,NA,NA,NA,NA,NA
1865,RC,8093.52053515696,NA,NA,NA,NA,NA,NA
1866,RC,9273.434504116623,NA,NA,NA,NA,NA,NA
1867,RC,9318.333536648017,NA,NA,NA,NA,NA,NA
1868,RC,9284.66215122324,NA,NA,NA,NA,NA,NA
1869,RC,9937.284633344001,NA,NA,NA,NA,NA,NA
1870,RC,10792.957171152048,NA,NA,NA,NA,NA,NA
1871,RC,11869.401755297637,NA,NA,NA,NA,NA,NA
1872,RC,12738.817241268242,NA,NA,NA,NA,NA,NA
1873,RC,14619.025657826503,NA,NA,NA,NA,NA,NA
1874,RC,17308.08628521012,NA,NA,NA,NA,NA,NA
1875,RC,19196.228119579922,NA,NA,NA,NA,NA,NA
1876,RC,20760.119356466977,NA,NA,NA,NA,NA,NA
1877,RC,22886.193106789473,NA,NA,NA,NA,NA,NA
1878,RC,22385.508502010747,NA,NA,NA,NA,NA,NA
1879,RC,25189.16162185118,NA,NA,NA,NA,NA,NA
1880,RC,26379.410686354713,NA,NA,NA,NA,NA,NA
1881,RC,28106.301605719378,NA,NA,NA,NA,NA,NA
1882,RC,30682.848191273693,NA,NA,NA,NA,NA,NA
1883,RC,35301.79482788548,NA,NA,NA,NA,NA,NA
1884,RC,34856.994065960374,NA,NA,NA,NA,NA,NA
1885,RC,36938.8487037228,NA,NA,NA,NA,NA,NA
1886,RC,42037.152374974954,NA,NA,NA,NA,NA,NA
1887,RC,43645.65814720691,NA,NA,NA,NA,NA,NA
1888,RC,42281.6762926293,NA,NA,NA,NA,NA,NA
1889,RC,48232.05336594853,NA,NA,NA,NA,NA,NA
1890,RC,60487.32310516035,NA,NA,NA,NA,NA,NA
1891,RC,58096.98723123526,NA,NA,NA,NA,NA,NA
1892,RC,62280.83833576393,NA,NA,NA,NA,NA,NA
1893,RC,63891.97761873668,NA,NA,NA,NA,NA,NA
1894,RC,68979.80686458842,NA,NA,NA,NA,NA,NA
1895,RC,73534.43556787563,NA,NA,NA,NA,NA,NA
1896,RC,80830.45457978387,NA,NA,NA,NA,NA,NA
1897,RC,73923.72420528188,NA,NA,NA,NA,NA,NA
1898,RC,75125.78241396428,NA,NA,NA,NA,NA,NA
1899,RC,73086.50997274843,NA,NA,NA,NA,NA,NA
1900,RC,78010.52922390206,NA,2037.0165653278589,NA,NA,NA,NA
1901,RC,113561.30649198458,NA,2136.349795643177,113461.97326166926,NA,53.1102039062428,NA
1902,RC,110696.8379257631,NA,2236.072460324404,110597.11526108187,NA,49.46043441053637,NA
1903,RC,112859.01683392095,NA,2330.091437851686,112764.99785639366,NA,48.395095584901824,NA
1904,RC,113220.36598259871,NA,2424.768696469448,113125.68872398094,NA,46.65421856059759,NA
1905,RC,125219.98874559208,NA,2517.8423876682614,125126.91505439326,NA,49.69608727982038,NA
1906,RC,135771.58716099424,NA,2623.823758776463,135665.60578988603,NA,51.70530426675814,NA
1907,RC,162712.81502181248,NA,2740.6333453337747,162596.00543525518,NA,59.32789430300573,NA
1908,RC,179974.31934763282,NA,2888.468337845375,179826.4843551212,NA,62.25669224031066,NA
1909,RC,187139.9636463491,NA,3054.624975828821,186973.80700836563,NA,61.210069480831585,NA
1910,RC,206917.2130473962,NA,3226.1219075165195,206745.7161157085,NA,64.08490504776434,NA
1911,RC,215479.85923104992,NA,3418.551752104425,215287.42938646203,NA,62.97620893231566,NA
1912,RC,243471.50893086765,NA,3617.472706463452,243272.58797650863,NA,67.24932230776638,NA
1913,RC,239590.64065646348,NA,3846.937458180734,239361.1759047462,NA,62.22122883639059,NA
1914,RC,214648.57364007016,NA,4066.5706468449916,214428.9404514059,NA,52.72967300291917,NA
1915,RC,157876.18428301378,NA,4250.263534103617,157692.49139575515,NA,37.10181501228079,NA
1916,RC,143808.85869056574,NA,4359.077556283284,143700.04466838608,NA,32.96570038338805,NA
1917,RC,144414.32511496407,NA,4447.749230498995,144325.65344074837,NA,32.449143591792925,NA
1918,RC,149761.1786984614,NA,4534.975134431946,149673.95279452845,NA,33.00436019111199,NA
1919,RC,144874.1073220993,NA,4626.68790165381,144782.39455487742,NA,31.29288113493131,NA
1920,RC,157675.83097057784,NA,4710.01420488399,157592.50466734765,NA,33.459029593569824,NA
1921,RC,153564.52801411468,NA,4807.157958660068,153467.38426033861,NA,31.924764191255246,NA
1922,RC,144086.57796251646,NA,4896.718322972733,143997.0175982038,NA,29.40684109246151,NA
1923,RC,163814.1254965858,NA,4972.219078275856,163738.62474128266,NA,32.93069395447071,NA
1924,RC,158314.90317949266,NA,5070.299674815697,158216.82258295282,NA,31.204629455891865,NA
1925,RC,203826.9446265271,NA,5159.030262741136,203738.21403860167,NA,39.49157179984246,NA
1926,RC,181605.49227632151,NA,5302.366676916923,181462.15586214574,NA,34.222860642986966,NA
1927,RC,204974.12467328817,NA,5413.5633534320805,204862.927996773,NA,37.84252896327415,NA
1928,RC,213833.93104898298,NA,5554.089033639621,213693.40536877545,NA,38.47496935581912,NA
1929,RC,171800.10149678274,NA,5703.131624935757,171651.0589054866,NA,30.097684955223205,NA
1930,RC,137922.11970711366,NA,5853.7930128191165,137771.4583192303,NA,23.53541678319118,NA
1931,RC,128449.43766138017,NA,6018.140339771116,128285.09033442817,NA,21.316400597482104,NA
1932,RC,213450.93150788895,NA,6185.335027189745,213283.7368204703,NA,34.48216400290511,NA
1933,RC,238884.1892191558,NA,6298.745273002487,238770.77897334308,NA,37.907673453117084,NA
1934,RC,350208.32481977914,NA,6430.235532642788,350076.8345601388,NA,54.442303517964504,NA
1935,RC,294051.8519337713,NA,6555.824748652502,293926.26271776156,NA,44.83436851758061,NA
1936,RC,237017.24032614921,NA,6693.886185328127,236879.17888947358,NA,35.38739266417061,NA
1937,RC,253807.50735300744,NA,6830.335224679097,253671.05831365648,NA,37.13888849804944,NA
1938,RC,217634.0537879944,NA,6969.027308347877,217495.36170432562,NA,31.208854848910974,NA
1939,RC,332044.6211458386,NA,7120.059294870323,331893.58915931615,NA,46.613879943167085,NA
1940,RC,329816.17832195695,NA,7280.37702190631,329655.860594921,NA,45.28005343720553,NA
1941,RC,324729.07509607176,NA,7433.789011762452,324575.6631062156,NA,43.66221083119805,NA
1942,RC,287324.38328139816,NA,7579.961690997407,287178.2106021632,NA,37.88649894408305,NA
1943,RC,348137.19531516975,NA,7656.157245906305,348060.99976026086,NA,45.461579298984056,NA
1944,RC,387787.85814270645,NA,7750.878322115746,387693.137066497,NA,50.01925213563009,NA
1945,RC,305529.30479675205,NA,7889.183861590006,305390.9992572778,NA,38.71008771187753,NA
1946,RC,547798.5890062958,NA,8036.326466457384,547651.4464014284,NA,68.14698838919209,NA
1947,RC,437350.39172893396,NA,8302.11286782475,437084.6053275666,NA,52.64739377628913,NA
1948,RC,405135.16117751785,NA,8574.167043485879,404863.1070018567,NA,47.21894324527379,NA
1949,RC,388907.9857557373,NA,8780.926180503386,388701.22661871975,NA,44.2665407530435,NA
1950,RC,423749.5124629989,595968,9033.970403714788,423496.4682397875,NA,46.87822179112352,NA
1951,RC,413299.2320312644,618225,9250.91172904602,413082.2907059332,391042.2320312644,44.65314369057669,0.6325241328501183
1952,RC,424358.8959182602,639005,9460.093617787532,424149.7140295187,403578.8959182602,44.835678288849344,0.6315739249587409
1953,RC,494913.15929073136,661804,9707.323377528957,494665.92953098996,472114.15929073136,50.95801492263765,0.7133745932190367
1954,RC,547185.3267157422,687798,10043.68873834759,546848.9613549236,521191.32671574224,54.44702395714549,0.7577680172314287
1955,RC,633149.6658965081,718507,10417.065407328246,632776.2892275274,602440.6658965081,60.744198532379286,0.838461790764054
1956,RC,420453.1254198383,744744,10771.541346928268,420098.64948023827,394216.1254198383,39.000792546745245,0.5293310525762387
1957,RC,314356.37536809564,759270,10873.444634125493,314254.4720808984,299830.37536809564,28.901096446900944,0.3948929568771262
1958,RC,290675.60949523054,769384,10896.183935232464,290652.8701941236,280561.60949523054,26.67473969986013,0.3646574525792459
1959,RC,416494.39269507286,783637,10976.774650573017,416413.8019797323,402241.39269507286,37.935897860305836,0.5133006643319201
1960,RC,529756.5197174733,806601,11121.510128075772,529611.7842399705,506792.5197174733,47.62049201420843,0.628306336983804
1961,RC,469609.87689334736,828912,11378.765357018601,469352.6216644045,447298.87689334736,41.24811497012727,0.5396216689990583
1962,RC,620536.2467087219,852198,11605.238151614689,620309.7739141257,597250.2467087219,53.450843990462985,0.7008350720240154
1963,RC,705206.3686603677,884595,11911.906798101048,704899.7000138813,672809.3686603677,59.17605904423747,0.7605846389142689
1964,RC,592111.660316416,917880,12303.843330572754,591719.7237839443,558826.660316416,48.09226742294671,0.6088232234239943
1965,RC,620569.6173073164,951222,12632.23703052511,620241.223607364,587227.6173073164,49.09987218483828,0.617340239510142
1966,RC,662931.8697779125,985860,12994.571633357937,662569.5351750797,628293.8697779125,50.98817828470923,0.6373053676768634
1967,RC,628241.5915965486,1016246,13343.630905527672,627892.5323243788,597855.5915965486,47.05559804297876,0.5882981006533345
1968,RC,728836.1390664031,1048423,13693.051273860767,728486.71869807,696659.1390664031,53.20119702529038,0.6644828843571756
1969,RC,814682.8163261546,1087736,14135.074759083707,814240.7928409317,775369.8163261546,57.604279193335806,0.712829047053839
1970,RC,795772.2209392503,1131702,14592.814796675351,795314.4809016587,751806.2209392503,54.50041626532897,0.6643146525668863
1971,RC,906860.0353756538,1182145,15115.31372228945,906337.5364500397,856417.0353756538,59.961543180776324,0.7244602272780867
1972,RC,754330.9937677765,1232590,15701.316806767154,753744.9906832988,703885.9937677765,48.005208732457405,0.5710625542700951
1973,RC,648363.7962983138,1272387,16093.70043677274,647971.4126683081,608566.7962983138,40.26242536413493,0.4782874992422225
1974,RC,785258.4759591643,1309038,16357.94473127988,784994.2316646571,748607.4759591643,47.98856118908268,0.5718760463479016
1975,RC,630695.7069061995,1339665,16811.548026426095,630242.1036110532,600068.7069061995,37.48864189189329,0.4479244489526855
1976,RC,507909.9811744872,1355501,17058.968180789958,507662.56102012336,492073.9811744872,29.759277093429386,0.36302000601584744
1977,RC,533946.4455225721,1368321,17173.49629962816,533831.9174037339,521126.44552257215,31.084638101054146,0.38085101779668085
1978,RC,464145.62690196425,1381838,17248.371771258957,464070.7514303335,450628.62690196425,26.90519183982437,0.32610814502276264
1979,RC,636412.9162559708,1396696,17359.23250475602,636302.0555224738,621554.9162559708,36.654964748478484,0.4450180398998571
1980,RC,861477.5487104921,1423292,17616.919152543793,861219.8620627043,834881.5487104921,48.88595188554002,0.5865848671323186
1981,RC,806741.0520476528,1459899,17949.686668428727,806408.2845317678,770134.0520476528,44.92603683997114,0.5275255699522041
1982,RC,554971.3773108927,1489925,18388.262837282648,554532.8011420388,524945.3773108927,30.15688899212981,0.35233006850069143
1983,RC,407160.57984740153,1508132,18487.505054973844,407061.3376297103,388953.57984740153,22.01818668442745,0.25790420191826813
1984,RC,357805.15395925654,1519567,18314.47177516645,357978.1872390639,346370.15395925654,19.54619230266118,0.22794003420662368
1985,RC,508276.362699936,1530957,18165.880940257077,508424.9535348454,496886.362699936,27.987905194739778,0.324559319889413
1986,RC,599243.6210926977,1549465,18208.29243803944,599201.2095949154,580735.6210926977,32.90814949473833,0.3747975082320012
1987,RC,690876.7401583121,1572929,18288.035026088906,690796.9975702626,667412.7401583121,37.77316680467869,0.42431205741537736
1988,RC,820737.1119016508,1602016,18495.800072171187,820529.3468555685,791650.1119016508,44.36300909686726,0.4941586800017296
1989,RC,1039487.0755808656,1638727,18805.094674852866,1039177.780978184,1002776.0755808656,55.26043867079412,0.6119238137779298
1990,RC,1086585.888448421,1677691,19330.118246048034,1086060.8648772258,1047621.8884484209,56.18490539235406,0.6244426944225253
1991,RC,1188409.416933356,1719453,19976.896661840197,1187762.638517564,1146647.416933356,59.45681447040892,0.6668675543520852
1992,RC,1460890.1470948397,1772832,20647.658408473166,1460219.3853482069,1407511.1470948397,70.72082250009413,0.7939337439164228
1993,RC,1769684.6509931877,1839210,21586.18284151142,1768746.1265601495,1703306.6509931877,81.93880963329714,0.926107758762288
1994,RC,1843296.277458834,1910626,22816.955622055655,1842065.5046782899,1771880.277458834,80.7323086914227,0.9273820608841469
1995,RC,2136772.577976193,NA,24145.994798932756,2135443.5387993157,NA,88.43883039739997,NA
1996,RC,2362379.0324403346,NA,25749.034732644235,2360775.9925066233,NA,91.68405794698266,NA
1997,RC,2530816.9979943973,NA,27545.325098768317,2529020.7076282734,NA,91.8130644151068,NA
1998,RC,2593210.8796204724,NA,29467.78881277303,2591288.415906468,NA,87.93630334364467,NA
1999,RC,2247444.0387250828,NA,31398.88371616221,2245512.943821694,NA,71.51569349154416,NA
2000,RC,2292591.569090859,NA,32900.97102493415,2291089.481782087,NA,69.63592290470012,NA
2001,RC,2395427.4197857277,NA,34404.52802631235,2393923.8627843494,NA,69.58165102435042,NA
2002,RC,2445836.9560855674,NA,35970.94139559211,2444270.5427162875,NA,67.95125309163605,NA
2003,RC,2589905.7739145514,NA,37541.92358334189,2588334.7917268015,NA,68.94518300269776,NA
2004,RC,2677083.7530704644,NA,39217.2658744562,2675408.41077935,NA,68.22016658030086,NA
2005,RC,2963237.0285867397,NA,40932.26254973786,2961522.031911458,NA,72.35177943835465,NA
2006,RC,3052152.6100500813,NA,42898.36122393929,3050186.51137588,NA,71.10263479421059,NA
2007,RC,3257379.2320076916,NA,44896.5621146111,3255381.0311170197,NA,72.5084700874589,NA
2008,RC,3617696.0132078226,NA,47049.95948846328,3615542.6158339703,NA,76.84475513141528,NA
2009,RC,3285855.543746971,NA,49519.4801735225,3283386.023061912,NA,66.30493719959324,NA
2010,RC,3343440.126624874,NA,51551.65607779217,3341407.950720604,NA,64.81669465047588,NA
1860,T,21926.055601799344,NA,NA,NA,NA,NA,NA
1861,T,22691.184686922454,NA,NA,NA,NA,NA,NA
1862,T,22700.98133984978,NA,NA,NA,NA,NA,NA
1863,T,24163.88068493315,NA,NA,NA,NA,NA,NA
1864,T,25867.989131210426,NA,NA,NA,NA,NA,NA
1865,T,28575.95516833631,NA,NA,NA,NA,NA,NA
1866,T,33037.764282224794,NA,NA,NA,NA,NA,NA
1867,T,32907.987146371604,NA,NA,NA,NA,NA,NA
1868,T,33105.18286445343,NA,NA,NA,NA,NA,NA
1869,T,33889.23566677624,NA,NA,NA,NA,NA,NA
1870,T,38771.992560584564,NA,NA,NA,NA,NA,NA
1871,T,41339.03103005598,NA,NA,NA,NA,NA,NA
1872,T,44427.05141842695,NA,NA,NA,NA,NA,NA
1873,T,50569.31245627305,NA,NA,NA,NA,NA,NA
1874,T,64373.17902200659,NA,NA,NA,NA,NA,NA
1875,T,69881.75110617222,NA,NA,NA,NA,NA,NA
1876,T,71058.55389616494,NA,NA,NA,NA,NA,NA
1877,T,80558.94107687227,NA,NA,NA,NA,NA,NA
1878,T,76141.18673195993,NA,NA,NA,NA,NA,NA
1879,T,84635.6277542007,NA,NA,NA,NA,NA,NA
1880,T,89670.7289808802,NA,NA,NA,NA,NA,NA
1881,T,96868.30090582487,NA,NA,NA,NA,NA,NA
1882,T,107025.22204868059,NA,NA,NA,NA,NA,NA
1883,T,121808.53105566232,NA,NA,NA,NA,NA,NA
1884,T,123426.28614213695,NA,NA,NA,NA,NA,NA
1885,T,127622.85853425274,NA,NA,NA,NA,NA,NA
1886,T,142639.97428696853,NA,NA,NA,NA,NA,NA
1887,T,150888.1527669104,NA,NA,NA,NA,NA,NA
1888,T,153516.72948194345,NA,NA,NA,NA,NA,NA
1889,T,166015.61470870435,NA,NA,NA,NA,NA,NA
1890,T,217654.58030640002,NA,NA,NA,NA,NA,NA
1891,T,205908.2275734883,NA,NA,NA,NA,NA,NA
1892,T,213106.41243873828,NA,NA,NA,NA,NA,NA
1893,T,224971.78334859892,NA,NA,NA,NA,NA,NA
1894,T,239728.80599136185,NA,NA,NA,NA,NA,NA
1895,T,253181.75420089206,NA,NA,NA,NA,NA,NA
1896,T,278583.3417346087,NA,NA,NA,NA,NA,NA
1897,T,252613.70802384848,NA,NA,NA,NA,NA,NA
1898,T,257685.05832602605,NA,NA,NA,NA,NA,NA
1899,T,255088.91182170506,NA,NA,NA,NA,NA,NA
1900,T,271872.6957137338,NA,3983.856218127667,NA,NA,NA,NA
1901,T,282276.11282317305,NA,4172.509751758593,282087.4592895421,NA,67.60618334580293,NA
1902,T,286827.8235261714,NA,4355.707125310793,286644.6261526192,NA,65.80897611020305,NA
1903,T,288654.2993704055,NA,4533.67197256188,288476.3345231544,NA,63.629732426394035,NA
1904,T,287516.4026941139,NA,4712.720782805186,287337.3538838706,NA,60.970587294763675,NA
1905,T,312601.5393551649,NA,4897.529498285045,312416.73063968506,NA,63.79067869812387,NA
1906,T,395291.6682631429,NA,5111.314749576156,395077.8830118518,NA,77.29476707428607,NA
1907,T,470986.077760913,NA,5359.22684700515,470738.165663484,NA,87.83695467687517,NA
1908,T,527163.9078275113,NA,5675.277748259627,526847.8569262568,NA,92.8320833439067,NA
1909,T,492812.375035093,NA,6032.127171785441,492455.5256115672,NA,81.63878373038445,NA
1910,T,541280.92232187,NA,6374.490542809351,540938.5589508461,NA,84.85988885198736,NA
1911,T,575395.6912251926,NA,6755.78951460189,575014.3922534001,NA,85.11431432411715,NA
1912,T,654691.8079907893,NA,7172.526755192263,654275.0707501989,NA,91.21960685285178,NA
1913,T,640808.3247432096,NA,7639.310896948657,640341.5406014533,NA,83.82189823655726,NA
1914,T,554077.7307883467,NA,8080.449067752327,553636.5926175431,NA,68.51557233706365,NA
1915,T,392596.25788953743,NA,8436.619152967676,392240.0878043221,NA,46.49256778010978,NA
1916,T,381509.1318828857,NA,8627.919773424308,381317.83126242907,NA,44.19580168524087,NA
1917,T,437676.99470901233,NA,8788.87186816979,437516.04261426686,NA,49.780682797162676,NA
1918,T,458420.91342742054,NA,8960.546551024037,458249.2387445663,NA,51.140768717081905,NA
1919,T,462229.50139269105,NA,9138.507697717436,462051.54024599766,NA,50.56094009325027,NA
1920,T,474110.49769512936,NA,9300.244030838709,473948.7613620081,NA,50.96089519699052,NA
1921,T,443429.40534047293,NA,9485.612032056491,443244.03733925516,NA,46.728037773558334,NA
1922,T,425980.06478951394,NA,9666.823246383081,425798.8535751873,NA,44.04744379023413,NA
1923,T,501726.11572056205,NA,9808.462523892222,501584.47644305293,NA,51.137930661533765,NA
1924,T,514484.3139834568,NA,10009.87284071122,514282.90366663784,NA,51.37756611402639,NA
1925,T,628336.8071931393,NA,10208.912022014665,628137.7680118359,NA,61.528375076336175,NA
1926,T,625272.1849352946,NA,10511.66324901371,624969.4337082955,NA,59.45485684836176,NA
1927,T,631000.5276453189,NA,10764.402314655592,630747.788579677,NA,58.595709277878086,NA
1928,T,591663.6777220963,NA,11052.876534195047,591375.2035025569,NA,53.50418976209303,NA
1929,T,789857.5580274239,NA,11362.01005258582,789548.4245090331,NA,69.49020647357585,NA
1930,T,800052.5744811543,NA,11705.926287791062,799708.6582459491,NA,68.31656364349584,NA
1931,T,684495.336033021,NA,12072.68026229765,684128.5820585144,NA,56.66749778796115,NA
1932,T,483566.84751595877,NA,12399.636207165797,483239.8915710906,NA,38.972102366343975,NA
1933,T,519014.166038977,NA,12569.596134693506,518844.2061114493,NA,41.27771493623257,NA
1934,T,524628.5322376871,NA,12776.649115818806,524421.4792565618,NA,41.04530651994459,NA
1935,T,572079.3337466791,NA,12989.439566726767,571866.5432957711,NA,44.025497817522606,NA
1936,T,589606.5642468461,NA,13251.63035234425,589344.3734612287,NA,44.47334839497481,NA
1937,T,604200.3924502656,NA,13521.22300435642,603930.7997982535,NA,44.66539747208313,NA
1938,T,678291.7405638541,NA,13798.945095887391,678014.0184723232,NA,49.13520662346842,NA
1939,T,680892.6049120832,NA,14120.026400436702,680571.5236075339,NA,48.19902628414953,NA
1940,T,681905.3873176107,NA,14432.8150510148,681592.5986670326,NA,47.2252014771788,NA
1941,T,672285.5719246959,NA,14737.28166716107,671981.1053085496,NA,45.59735780893148,NA
1942,T,534744.2419176009,NA,15022.665753862551,534458.8578308994,NA,35.57683214069261,NA
1943,T,574104.7079527332,NA,15161.739410282815,573965.6342963129,NA,37.85618646809381,NA
1944,T,645629.1369046341,NA,15335.624403528822,645455.251911388,NA,42.08861895201768,NA
1945,T,681905.3873176107,NA,15575.639049984113,681665.3726711554,NA,43.76484139646589,NA
1946,T,944430.8837273088,NA,15845.832865074533,944160.6899122184,NA,59.58416310153208,NA
1947,T,1038058.8579713271,NA,16370.9277236862,1037533.7631127154,NA,63.376601535633476,NA
1948,T,921813.3024981656,NA,16974.067150079416,921210.1630717724,NA,54.27162240650512,NA
1949,T,1054214.2731350008,NA,17439.59565975509,1053748.744625325,NA,60.4227738523224,NA
1950,T,973290.3299060535,641595.9693258913,18020.183479164425,972709.7420866442,NA,53.97890333421553,NA
1951,T,1107674.0105857032,666391.9044005771,18497.992706410987,1107196.2013584566,1082878.0755110173,59.854937718443765,1.6249868408666694
1952,T,1158930.7368777227,689758.6518172355,19092.14134794139,1158336.5882361922,1135563.9894610643,60.67085755999234,1.646320762297525
1953,T,1170533.2623134519,714458.0726333318,19714.349547802187,1169911.054113591,1145833.8414973556,59.34312219010118,1.6037803831847959
1954,T,1134036.710784607,741541.6629653539,20324.35155706375,1133426.7087753455,1106953.120452585,55.76693089533879,1.4927726596318076
1955,T,1313068.0842802278,774016.9534980827,20877.323562682523,1312515.112274609,1280592.7937474991,62.86797770479945,1.6544764141922264
1956,T,1250869.7359000838,802737.2386389335,21592.040126624808,1250155.0193361414,1222149.450759233,57.89888366290107,1.5224775828656287
1957,T,1430782.3138591778,821511.3451618246,22220.461716671674,1430153.8922691308,1412008.2073362865,64.36202408864025,1.7187933138746168
1958,T,1408164.7326300344,835613.9015912,23002.09954739102,1407383.094799315,1394062.176200659,61.18498408806972,1.668308980434679
1959,T,1214226.3169606603,851396.7921034158,23720.762534312755,1213507.6539737384,1198443.4264484444,51.15803727718977,1.4076203217628216
1960,T,1572949.967299507,877561.3484644151,24207.195204387222,1572463.5346294325,1546785.4109385079,64.95851838070216,1.7625951890943266
1961,T,1593171.1144293477,903502.705724395,25034.24660324023,1592344.0630304946,1567229.7571693677,63.60663008026751,1.734615455205329
1962,T,1788658.5845985091,930474.0736035999,25851.824498349826,1787841.0067033996,1761687.2167193042,69.15724678610289,1.8933221963901998
1963,T,2052710.753904942,967236.0799848884,26830.75369729298,2051731.8247059989,2015948.7475236533,76.46940700413508,2.0842365056886107
1964,T,1935738.494051527,1004624.1511953368,28038.44382046539,1934530.8039283545,1898350.4228410786,68.99565526230566,1.8896125686231564
1965,T,1818774.8038919817,1040714.0331963786,29092.177934985568,1817721.0697774615,1782684.92189094,62.481436551077635,1.7129440605463178
1966,T,1877271.2499430631,1078364.9178054736,29993.699543197785,1876369.7283348509,1839620.3653339683,62.55879591086953,1.7059349158703045
1967,T,1917402.3952703527,1112110.2667188102,30925.466639867333,1916470.628173683,1883657.046357016,61.97062927105777,1.6937682374919452
1968,T,2098769.934198182,1148260.4676217663,31863.341888744075,2097832.058949305,2062619.733295226,65.83841915497186,1.7962995256357175
1969,T,2204659.3054571147,1191471.1695218454,32947.69723701943,2203574.950108839,2161448.6035570353,66.88100033992491,1.814100633609503
1970,T,2346952.939347318,1240189.8935867057,34095.985047647686,2345804.6515366896,2298234.215282458,68.80002581707282,1.8531309012975608
1971,T,2292531.037506585,1293916.7434971654,35344.52625135076,2291282.4963028817,2238804.1875961255,64.8270818516153,1.730253664965446
1972,T,1831911.210456795,1344910.552719842,36493.078357286635,1830762.6583508593,1780917.4012341185,50.167394496751406,1.324190220407246
1973,T,1721549.5149791797,1385127.3645163835,37141.71850457016,1720900.8748318963,1681332.7031826382,46.33336700939525,1.2138470051594674
1974,T,2050593.3896845519,1422770.7749232145,37660.1042262557,2050075.0039628663,2012949.979277721,54.43625412309943,1.414809760473438
1975,T,1609782.395723762,1452615.503981402,38487.80838486032,1608954.6915651574,1579937.6666655745,41.80426891228394,1.0876502848380742
1976,T,1375096.2601766926,1466689.9836033224,38849.778460590365,1374734.2901009626,1361021.7805547721,35.38589779850374,0.9279546432921375
1977,T,1642462.1124494332,1479604.7354059105,38962.83073274397,1642349.0601772796,1629547.360646845,42.15168737206422,1.1013396494705052
1978,T,1924398.7199694905,1495412.578640208,39337.36249128203,1924024.1882109526,1908590.876735193,48.910858948343474,1.2762971931603595
1979,T,2209905.99432821,1513482.0400302825,39971.430083499625,2209271.9267359925,2191836.532938136,55.27127556159141,1.448207824715436
1980,T,2800628.1894494975,1545613.7173968437,40855.42441801445,2799744.195114983,2768496.5120829362,68.52808984357256,1.7911956143516237
1981,T,3318236.9234732096,1590789.4480988474,42284.62834263868,3316807.7195485854,3273061.1927712057,78.44003482002952,2.0575074826419306
1982,T,1965396.4673988647,1620754.941919806,44160.83629029017,1963520.2594512133,1935430.9735779061,44.46293196406112,1.194153985602143
1983,T,1640591.569935088,1636498.9729814925,44594.26570785353,1640158.1405175247,1624847.5388734015,36.77957500774983,0.9928802679986632
1984,T,2068994.496631524,1648082.6903408335,44692.826546980265,2068895.9357923972,2057410.779272183,46.29145425871896,1.2483662326716738
1985,T,2321696.2694100286,1660766.69101131,45223.0754055864,2321166.0205514226,2309012.2687395522,51.32702718101054,1.3903291059706275
1986,T,2377832.832720143,1680671.5576882632,45984.32831849903,2377071.5798072303,2357927.9660431896,51.69308037605843,1.4029677334972466
1987,T,2894118.796983168,1708904.7867729266,46775.52135806282,2893327.603943604,2865885.5678985044,61.85559283872896,1.6770305695675447
1988,T,3303714.8591373283,1744953.5296733128,48057.556613729736,3302432.8238816615,3267666.116236942,68.71828400318999,1.872637901622921
1989,T,4294765.612936065,1794268.1169506973,49697.55179542617,4293125.617754368,4245451.02565868,86.38505243530888,2.366118522394352
1990,T,4402859.4363246765,1845603.4780928867,52258.00480259066,4400298.983317512,4351524.075182487,84.20334836624627,2.357778432276817
1991,T,4395040.487463195,1898067.0893129292,54806.339681019286,4392492.152584766,4342576.876243153,80.14569442421619,2.2878943008358563
1992,T,5450967.823174863,1966852.9749584426,57235.62036326167,5448538.542492621,5382181.93752935,95.19488926497112,2.736443448521143
1993,T,6429744.409715695,2053154.5043056088,60611.66691789127,6426368.363161066,6343442.880368529,106.0252702151661,3.0896081454493
1994,T,6827492.35008702,2144946.9846247584,64808.329609024455,6823295.6873958865,6735699.86976787,105.2842393649003,3.1402640335869316
1995,T,8431934.975856598,NA,69209.54569296433,8427533.759772658,NA,121.7683727785166,NA
1996,T,9183957.987838525,NA,75004.642677568,9178162.890853921,NA,122.3679303467821,NA
1997,T,10152624.865172703,NA,81251.50848232646,10146377.999367945,NA,124.87618001055264,NA
1998,T,10342973.45305685,NA,88153.1335250565,10336071.828014119,NA,117.25132635331914,NA
1999,T,8456724.201206703,NA,94886.84785377956,8449990.48687798,NA,89.05333750678912,NA
2000,T,9205576.935419846,NA,99391.23332278054,9201072.549950846,NA,92.57428690988941,NA
2001,T,9603766.752862323,NA,104443.69702570917,9598714.289159395,NA,91.90324129178076,NA
2002,T,9752027.47302953,NA,109639.13419319165,9746832.035862047,NA,88.8992065432354,NA
2003,T,10307001.422,NA,114722.4897386861,10301918.066454506,NA,89.79859214980537,NA
2004,T,11338572.639000002,NA,120110.48572917038,11333184.643009517,NA,94.35633012561456,NA
2005,T,14044563.302000001,NA,126264.77644198004,14038409.011287192,NA,111.18230599915556,NA
2006,T,14374095.289,NA,134789.08571672832,14365570.979725253,NA,106.57814691254619,NA
2007,T,15987642,NA,143112.4845107323,15979318.601205995,NA,111.65565782632804,NA
2008,T,19086311,NA,152540.73433030426,19076882.750180427,NA,125.06090805143415,NA
2009,T,16046647,NA,164471.89101768663,16034715.843312617,NA,97.49213524630972,NA
2010,T,19061434,NA,172560.9966458842,19053344.894371804,NA,110.41513009728116,NA
